width,height,aspect_ratio,sharpness,brightness,contrast,noise,intensity_std,unique_intensity_values,filename,label
267,300,0.89,3790.65,96.1,80.37,15.34,80.37,255,001_Faces_easy_image_0016_clean.jpg,ACCEPTABLE
267,300,0.89,3880.01,98.09,82.33,15.57,82.33,255,001_Faces_easy_image_0016_mild_brightness.jpg,ACCEPTABLE
300,249,1.2048,725.29,185.0,58.94,8.4,58.94,253,002_crayfish_image_0058_clean.jpg,ACCEPTABLE
300,249,1.2048,596.49,167.15,53.45,7.63,53.45,232,002_crayfish_image_0058_mild_brightness.jpg,ACCEPTABLE
300,256,1.1719,2945.71,197.59,89.79,13.62,89.79,256,003_ant_image_0006_clean.jpg,ACCEPTABLE
300,256,1.1719,3049.39,200.92,90.06,13.89,90.06,256,003_ant_image_0006_mild_brightness.jpg,ACCEPTABLE
199,300,0.6633,957.12,109.39,25.8,9.06,25.8,238,004_scissors_image_0015_clean.jpg,ACCEPTABLE
199,300,0.6633,828.46,100.13,23.82,8.41,23.82,222,004_scissors_image_0015_mild_brightness.jpg,ACCEPTABLE
225,300,0.75,707.25,92.83,76.68,7.93,76.68,256,005_water_lilly_image_0008_clean.jpg,ACCEPTABLE
225,300,0.75,793.74,99.16,81.91,8.41,81.91,256,005_water_lilly_image_0008_mild_brightness.jpg,ACCEPTABLE
188,300,0.6267,3491.87,124.3,87.78,14.26,87.78,249,006_metronome_image_0005_clean.jpg,ACCEPTABLE
188,300,0.6267,3296.51,118.07,83.68,13.76,83.68,240,006_metronome_image_0005_mild_brightness.jpg,ACCEPTABLE
204,300,0.68,4040.48,206.34,58.81,17.38,58.81,252,007_windsor_chair_image_0009_clean.jpg,ACCEPTABLE
204,300,0.68,4060.59,207.11,59.12,17.44,59.12,252,007_windsor_chair_image_0009_mild_brightness.jpg,ACCEPTABLE
300,195,1.5385,5074.01,89.19,36.22,16.42,36.22,253,008_crocodile_image_0017_clean.jpg,ACCEPTABLE
300,195,1.5385,4745.88,83.85,34.38,15.73,34.38,243,008_crocodile_image_0017_mild_brightness.jpg,ACCEPTABLE
300,271,1.107,1797.65,152.01,75.03,11.58,75.03,255,009_laptop_image_0027_clean.jpg,ACCEPTABLE
300,271,1.107,1583.09,140.74,69.71,10.82,69.71,240,009_laptop_image_0027_mild_brightness.jpg,ACCEPTABLE
300,210,1.4286,13923.71,49.15,44.61,25.67,44.61,244,010_mandolin_image_0025_clean.jpg,ACCEPTABLE
300,210,1.4286,13923.71,49.15,44.61,25.67,44.61,244,010_mandolin_image_0025_mild_brightness.jpg,ACCEPTABLE
277,300,0.9233,780.9,94.23,75.32,8.37,75.32,255,011_lamp_image_0034_clean.jpg,ACCEPTABLE
277,300,0.9233,784.5,94.47,75.69,8.39,75.69,256,011_lamp_image_0034_mild_brightness.jpg,ACCEPTABLE
291,300,0.97,167.31,195.19,52.09,3.99,52.09,217,012_soccer_ball_image_0056_clean.jpg,ACCEPTABLE
291,300,0.97,164.6,192.18,51.4,3.95,51.4,215,012_soccer_ball_image_0056_mild_brightness.jpg,ACCEPTABLE
205,300,0.6833,7810.12,95.23,54.63,18.05,54.63,255,013_panda_image_0030_clean.jpg,ACCEPTABLE
205,300,0.6833,7926.87,96.83,55.77,18.27,55.77,255,013_panda_image_0030_mild_brightness.jpg,ACCEPTABLE
280,300,0.9333,2409.29,41.61,47.56,13.07,47.56,256,014_barrel_image_0009_clean.jpg,ACCEPTABLE
280,300,0.9333,2719.48,44.39,50.85,13.92,50.85,256,014_barrel_image_0009_mild_brightness.jpg,ACCEPTABLE
292,300,0.9733,3045.93,109.79,53.68,15.0,53.68,256,015_sunflower_image_0033_clean.jpg,ACCEPTABLE
292,300,0.9733,3248.62,115.05,56.31,15.54,56.31,256,015_sunflower_image_0033_mild_brightness.jpg,ACCEPTABLE
300,225,1.3333,329.24,58.83,31.08,5.57,31.08,232,016_pizza_image_0009_clean.jpg,ACCEPTABLE
300,225,1.3333,354.41,60.77,32.36,5.78,32.36,239,016_pizza_image_0009_mild_brightness.jpg,ACCEPTABLE
300,188,1.5957,328.25,210.93,55.35,5.69,55.35,197,017_scorpion_image_0044_clean.jpg,ACCEPTABLE
300,188,1.5957,331.72,212.52,55.93,5.73,55.93,198,017_scorpion_image_0044_mild_brightness.jpg,ACCEPTABLE
300,232,1.2931,1428.03,209.69,64.3,10.18,64.3,256,018_tick_image_0005_clean.jpg,ACCEPTABLE
300,232,1.2931,1343.01,199.98,61.53,9.82,61.53,249,018_tick_image_0005_mild_brightness.jpg,ACCEPTABLE
300,253,1.1858,91.27,207.47,83.21,3.13,83.21,256,019_butterfly_image_0009_clean.jpg,ACCEPTABLE
300,253,1.1858,78.59,190.22,76.47,2.9,76.47,242,019_butterfly_image_0009_mild_brightness.jpg,ACCEPTABLE
219,300,0.73,13862.58,105.47,47.94,23.39,47.94,256,020_flamingo_image_0044_clean.jpg,ACCEPTABLE
219,300,0.73,14406.26,109.73,49.71,23.97,49.71,256,020_flamingo_image_0044_mild_brightness.jpg,ACCEPTABLE
260,300,0.8667,1614.36,209.47,70.42,10.97,70.42,254,021_saxophone_image_0011_clean.jpg,ACCEPTABLE
260,300,0.8667,1741.81,214.0,70.09,11.41,70.09,254,021_saxophone_image_0011_mild_brightness.jpg,ACCEPTABLE
300,225,1.3333,2409.69,128.51,71.4,12.15,71.4,247,022_electric_guitar_image_0052_clean.jpg,ACCEPTABLE
300,225,1.3333,2402.27,127.53,71.36,12.13,71.36,245,022_electric_guitar_image_0052_mild_brightness.jpg,ACCEPTABLE
192,128,1.5,3449.82,99.69,49.98,15.5,49.98,250,023_Leopards_image_0041_clean.jpg,ACCEPTABLE
192,128,1.5,3584.19,102.41,51.37,15.87,51.37,251,023_Leopards_image_0041_mild_brightness.jpg,ACCEPTABLE
233,300,0.7767,919.9,122.87,94.73,9.64,94.73,256,024_camera_image_0011_clean.jpg,ACCEPTABLE
233,300,0.7767,917.31,121.57,94.32,9.62,94.32,256,024_camera_image_0011_mild_brightness.jpg,ACCEPTABLE
261,197,1.3249,2587.46,129.59,114.7,15.03,114.7,255,025_Motorbikes_image_0720_clean.jpg,ACCEPTABLE
261,197,1.3249,2773.55,131.05,114.54,15.47,114.54,256,025_Motorbikes_image_0720_mild_brightness.jpg,ACCEPTABLE
300,227,1.3216,2548.9,94.2,50.97,14.55,50.97,247,026_crocodile_head_image_0049_clean.jpg,ACCEPTABLE
300,227,1.3216,2666.75,96.92,52.62,14.93,52.62,250,026_crocodile_head_image_0049_mild_brightness.jpg,ACCEPTABLE
300,300,1.0,9426.05,175.27,50.57,24.21,50.57,256,027_cougar_face_image_0043_clean.jpg,ACCEPTABLE
300,300,1.0,9686.38,178.93,51.62,24.61,51.62,256,027_cougar_face_image_0043_mild_brightness.jpg,ACCEPTABLE
295,300,0.9833,9577.24,224.63,68.34,28.69,68.34,256,028_snoopy_image_0005_clean.jpg,ACCEPTABLE
295,300,0.9833,8836.4,214.88,65.58,27.54,65.58,253,028_snoopy_image_0005_mild_brightness.jpg,ACCEPTABLE
300,208,1.4423,2099.28,187.2,61.86,13.35,61.86,256,029_stapler_image_0023_clean.jpg,ACCEPTABLE
300,208,1.4423,2244.07,201.81,66.12,13.78,66.12,256,029_stapler_image_0023_mild_brightness.jpg,ACCEPTABLE
143,300,0.4767,7692.19,154.37,69.86,22.46,69.86,255,030_garfield_image_0003_clean.jpg,ACCEPTABLE
143,300,0.4767,7692.19,154.37,69.86,22.46,69.86,255,030_garfield_image_0003_mild_brightness.jpg,ACCEPTABLE
256,300,0.8533,3326.91,133.04,86.75,15.04,86.75,256,031_strawberry_image_0012_clean.jpg,ACCEPTABLE
256,300,0.8533,2943.35,123.63,80.9,14.17,80.9,244,031_strawberry_image_0012_mild_brightness.jpg,ACCEPTABLE
300,300,1.0,643.09,158.81,86.22,6.63,86.22,256,032_umbrella_image_0045_clean.jpg,ACCEPTABLE
300,300,1.0,651.66,160.09,87.11,6.68,87.11,256,032_umbrella_image_0045_mild_brightness.jpg,ACCEPTABLE
247,300,0.8233,2534.84,151.59,20.82,12.59,20.82,233,033_starfish_image_0008_clean.jpg,ACCEPTABLE
247,300,0.8233,2457.69,146.7,20.31,12.35,20.31,230,033_starfish_image_0008_mild_brightness.jpg,ACCEPTABLE
196,300,0.6533,5558.42,129.68,102.56,16.06,102.56,256,034_pagoda_image_0008_clean.jpg,ACCEPTABLE
196,300,0.6533,4664.21,116.95,92.69,14.62,92.69,237,034_pagoda_image_0008_mild_brightness.jpg,ACCEPTABLE
238,300,0.7933,3539.59,117.29,44.65,15.49,44.65,253,035_emu_image_0019_clean.jpg,ACCEPTABLE
238,300,0.7933,3441.79,114.05,43.68,15.23,43.68,250,035_emu_image_0019_mild_brightness.jpg,ACCEPTABLE
300,205,1.4634,5138.78,80.88,59.61,16.87,59.61,256,036_mayfly_image_0010_clean.jpg,ACCEPTABLE
300,205,1.4634,5341.18,82.98,61.46,17.27,61.46,256,036_mayfly_image_0010_mild_brightness.jpg,ACCEPTABLE
300,210,1.4286,13252.26,72.1,67.14,26.18,67.14,256,037_hawksbill_image_0011_clean.jpg,ACCEPTABLE
300,210,1.4286,12522.89,69.24,64.93,25.38,64.93,252,037_hawksbill_image_0011_mild_brightness.jpg,ACCEPTABLE
300,269,1.1152,1613.8,149.43,92.93,10.22,92.93,256,038_anchor_image_0007_clean.jpg,ACCEPTABLE
300,269,1.1152,1584.89,146.99,91.69,10.13,91.69,256,038_anchor_image_0007_mild_brightness.jpg,ACCEPTABLE
300,239,1.2552,11318.21,217.3,65.28,27.62,65.28,256,039_nautilus_image_0006_clean.jpg,ACCEPTABLE
300,239,1.2552,10847.87,211.23,63.71,26.98,63.71,256,039_nautilus_image_0006_mild_brightness.jpg,ACCEPTABLE
300,274,1.0949,1528.36,203.37,89.12,10.76,89.12,256,040_pigeon_image_0034_clean.jpg,ACCEPTABLE
300,274,1.0949,1441.39,196.07,86.17,10.43,86.17,252,040_pigeon_image_0034_mild_brightness.jpg,ACCEPTABLE
208,300,0.6933,1569.86,171.55,62.91,10.78,62.91,253,041_gramophone_image_0051_clean.jpg,ACCEPTABLE
208,300,0.6933,1587.79,172.75,63.58,10.86,63.58,253,041_gramophone_image_0051_mild_brightness.jpg,ACCEPTABLE
300,225,1.3333,531.76,117.71,48.69,6.81,48.69,240,042_chandelier_image_0087_clean.jpg,ACCEPTABLE
300,225,1.3333,529.34,116.58,48.45,6.8,48.45,239,042_chandelier_image_0087_mild_brightness.jpg,ACCEPTABLE
300,198,1.5152,2516.86,156.31,71.42,12.49,71.42,255,043_cougar_body_image_0042_clean.jpg,ACCEPTABLE
300,198,1.5152,2308.4,147.22,67.51,11.89,67.51,244,043_cougar_body_image_0042_mild_brightness.jpg,ACCEPTABLE
191,300,0.6367,2837.29,55.77,89.56,16.85,89.56,256,044_menorah_image_0013_clean.jpg,ACCEPTABLE
191,300,0.6367,2827.65,55.25,89.29,16.83,89.29,256,044_menorah_image_0013_mild_brightness.jpg,ACCEPTABLE
185,300,0.6167,1136.71,155.95,40.27,8.88,40.27,207,045_octopus_image_0011_clean.jpg,ACCEPTABLE
185,300,0.6167,1130.64,154.21,39.89,8.84,39.89,205,045_octopus_image_0011_mild_brightness.jpg,ACCEPTABLE
300,193,1.5544,1675.32,219.06,58.7,10.27,58.7,256,046_beaver_image_0038_clean.jpg,ACCEPTABLE
300,193,1.5544,1706.54,220.19,58.01,10.4,58.01,256,046_beaver_image_0038_mild_brightness.jpg,ACCEPTABLE
300,197,1.5228,1121.1,119.4,51.87,9.99,51.87,256,047_car_side_image_0047_clean.jpg,ACCEPTABLE
300,197,1.5228,1257.0,126.7,54.6,10.58,54.6,256,047_car_side_image_0047_mild_brightness.jpg,ACCEPTABLE
300,176,1.7045,2437.15,46.75,67.66,13.05,67.66,255,048_watch_image_0184_clean.jpg,ACCEPTABLE
300,176,1.7045,2728.87,49.75,72.16,13.84,72.16,256,048_watch_image_0184_mild_brightness.jpg,ACCEPTABLE
300,188,1.5957,4990.01,146.14,55.8,17.05,55.8,251,049_stegosaurus_image_0002_clean.jpg,ACCEPTABLE
300,188,1.5957,4267.47,132.83,50.9,15.64,50.9,230,049_stegosaurus_image_0002_mild_brightness.jpg,ACCEPTABLE
398,168,2.369,570.16,150.39,42.92,7.33,42.92,229,050_airplanes_image_0644_clean.jpg,ACCEPTABLE
398,168,2.369,611.61,159.1,42.47,7.57,42.47,228,050_airplanes_image_0644_mild_brightness.jpg,ACCEPTABLE
152,140,1.0857,8677.41,165.65,101.19,18.43,101.19,161,051_BACKGROUND_Google_image_0360_clean.jpg,ACCEPTABLE
152,140,1.0857,9037.51,166.71,100.91,18.74,100.91,161,051_BACKGROUND_Google_image_0360_mild_brightness.jpg,ACCEPTABLE
300,242,1.2397,420.06,129.94,17.63,6.19,17.63,204,052_platypus_image_0017_clean.jpg,ACCEPTABLE
300,242,1.2397,355.96,118.68,16.18,5.69,16.18,190,052_platypus_image_0017_mild_brightness.jpg,ACCEPTABLE
550,363,1.5152,1145.41,129.29,44.24,9.7,44.24,254,053_Faces_image_0245_clean.jpg,ACCEPTABLE
550,363,1.5152,1072.69,123.02,42.31,9.35,42.31,246,053_Faces_image_0245_mild_brightness.jpg,ACCEPTABLE
300,225,1.3333,780.47,62.73,59.69,8.73,59.69,255,054_wild_cat_image_0014_clean.jpg,ACCEPTABLE
300,225,1.3333,840.75,65.38,62.54,9.09,62.54,256,054_wild_cat_image_0014_mild_brightness.jpg,ACCEPTABLE
300,219,1.3699,1044.18,119.1,55.23,8.99,55.23,229,055_rhino_image_0025_clean.jpg,ACCEPTABLE
300,219,1.3699,1140.41,124.99,58.19,9.43,58.19,240,055_rhino_image_0025_mild_brightness.jpg,ACCEPTABLE
300,289,1.0381,5731.34,180.85,90.92,20.68,90.92,256,056_wheelchair_image_0004_clean.jpg,ACCEPTABLE
300,289,1.0381,5813.99,181.59,91.04,20.86,91.04,256,056_wheelchair_image_0004_mild_brightness.jpg,ACCEPTABLE
300,300,1.0,5157.87,185.22,85.81,18.28,85.81,256,057_inline_skate_image_0016_clean.jpg,ACCEPTABLE
300,300,1.0,5571.43,188.46,85.01,19.02,85.01,256,057_inline_skate_image_0016_mild_brightness.jpg,ACCEPTABLE
300,221,1.3575,6647.21,77.39,65.55,19.17,65.55,255,058_okapi_image_0004_clean.jpg,ACCEPTABLE
300,221,1.3575,5788.65,70.79,60.44,17.77,60.44,238,058_okapi_image_0004_mild_brightness.jpg,ACCEPTABLE
225,300,0.75,174.1,176.72,53.07,4.24,53.07,256,059_ewer_image_0052_clean.jpg,ACCEPTABLE
225,300,0.75,189.85,185.55,55.42,4.44,55.42,256,059_ewer_image_0052_mild_brightness.jpg,ACCEPTABLE
300,287,1.0453,1109.63,103.57,61.49,9.23,61.49,242,060_sea_horse_image_0049_clean.jpg,ACCEPTABLE
300,287,1.0453,1135.95,105.33,62.84,9.36,62.84,245,060_sea_horse_image_0049_mild_brightness.jpg,ACCEPTABLE
300,235,1.2766,14294.56,87.02,97.57,26.05,97.57,256,061_accordion_image_0041_clean.jpg,ACCEPTABLE
300,235,1.2766,14908.33,88.86,99.25,26.67,99.25,256,061_accordion_image_0041_mild_brightness.jpg,ACCEPTABLE
300,168,1.7857,2142.11,113.71,69.14,11.99,69.14,256,062_wrench_image_0019_clean.jpg,ACCEPTABLE
300,168,1.7857,2203.74,116.0,70.21,12.21,70.21,256,062_wrench_image_0019_mild_brightness.jpg,ACCEPTABLE
288,300,0.96,3374.06,161.87,112.1,16.17,112.1,256,063_grand_piano_image_0013_clean.jpg,ACCEPTABLE
288,300,0.96,3398.5,161.99,112.19,16.23,112.19,256,063_grand_piano_image_0013_mild_brightness.jpg,ACCEPTABLE
300,212,1.4151,471.18,106.12,34.76,6.65,34.76,213,064_elephant_image_0050_clean.jpg,ACCEPTABLE
300,212,1.4151,408.02,97.53,32.12,6.17,32.12,197,064_elephant_image_0050_mild_brightness.jpg,ACCEPTABLE
300,218,1.3761,1977.49,136.09,61.45,13.58,61.45,254,065_brain_image_0008_clean.jpg,ACCEPTABLE
300,218,1.3761,1840.63,129.72,58.79,13.05,58.79,244,065_brain_image_0008_mild_brightness.jpg,ACCEPTABLE
266,300,0.8867,601.59,105.93,58.47,7.47,58.47,252,066_cup_image_0054_clean.jpg,ACCEPTABLE
266,300,0.8867,610.63,106.52,59.02,7.53,59.02,252,066_cup_image_0054_mild_brightness.jpg,ACCEPTABLE
300,214,1.4019,2621.79,125.75,82.6,14.29,82.6,256,067_helicopter_image_0029_clean.jpg,ACCEPTABLE
300,214,1.4019,2852.12,133.09,85.97,14.93,85.97,255,067_helicopter_image_0029_mild_brightness.jpg,ACCEPTABLE
300,295,1.0169,3522.32,143.3,82.63,16.69,82.63,232,068_stop_sign_image_0010_clean.jpg,ACCEPTABLE
300,295,1.0169,3568.68,148.3,83.84,16.96,83.84,231,068_stop_sign_image_0010_mild_brightness.jpg,ACCEPTABLE
182,300,0.6067,2356.31,197.05,80.98,13.25,80.98,246,069_chair_image_0031_clean.jpg,ACCEPTABLE
182,300,0.6067,2330.19,194.65,80.17,13.15,80.17,247,069_chair_image_0031_mild_brightness.jpg,ACCEPTABLE
258,300,0.86,1998.0,116.52,58.8,10.07,58.8,241,070_trilobite_image_0064_clean.jpg,ACCEPTABLE
258,300,0.86,2060.72,118.96,60.07,10.25,60.07,242,070_trilobite_image_0064_mild_brightness.jpg,ACCEPTABLE
300,170,1.7647,1092.08,123.6,68.23,10.08,68.23,252,071_euphonium_image_0032_clean.jpg,ACCEPTABLE
300,170,1.7647,902.1,111.59,61.84,9.16,61.84,230,071_euphonium_image_0032_mild_brightness.jpg,ACCEPTABLE
300,289,1.0381,192.82,174.67,51.6,4.63,51.6,233,072_dragonfly_image_0026_clean.jpg,ACCEPTABLE
300,289,1.0381,190.14,171.6,50.82,4.59,50.82,234,072_dragonfly_image_0026_mild_brightness.jpg,ACCEPTABLE
300,283,1.0601,2119.98,119.86,110.98,12.32,110.98,256,073_binocular_image_0002_clean.jpg,ACCEPTABLE
300,283,1.0601,2272.68,122.67,112.1,12.9,112.1,256,073_binocular_image_0002_mild_brightness.jpg,ACCEPTABLE
300,230,1.3043,1046.83,133.83,64.6,10.1,64.6,229,074_cannon_image_0012_clean.jpg,ACCEPTABLE
300,230,1.3043,1111.07,138.99,66.69,10.41,66.69,228,074_cannon_image_0012_mild_brightness.jpg,ACCEPTABLE
300,275,1.0909,11770.09,84.46,61.73,25.69,61.73,256,075_bonsai_image_0030_clean.jpg,ACCEPTABLE
300,275,1.0909,11977.6,85.26,62.56,25.97,62.56,256,075_bonsai_image_0030_mild_brightness.jpg,ACCEPTABLE
300,163,1.8405,213.64,138.79,18.57,4.46,18.57,180,076_ceiling_fan_image_0010_clean.jpg,ACCEPTABLE
300,163,1.8405,203.75,133.87,18.02,4.34,18.02,177,076_ceiling_fan_image_0010_mild_brightness.jpg,ACCEPTABLE
300,268,1.1194,4789.37,138.98,60.47,17.26,60.47,249,077_brontosaurus_image_0043_clean.jpg,ACCEPTABLE
300,268,1.1194,4027.92,125.6,54.92,15.73,54.92,229,077_brontosaurus_image_0043_mild_brightness.jpg,ACCEPTABLE
300,272,1.1029,144.53,71.86,48.68,3.9,48.68,239,078_flamingo_head_image_0041_clean.jpg,ACCEPTABLE
300,272,1.1029,141.62,70.13,47.88,3.85,47.88,234,078_flamingo_head_image_0041_mild_brightness.jpg,ACCEPTABLE
300,159,1.8868,1537.92,92.68,37.74,10.0,37.74,248,079_dolphin_image_0012_clean.jpg,ACCEPTABLE
300,159,1.8868,1767.89,99.25,40.58,10.71,40.58,253,079_dolphin_image_0012_mild_brightness.jpg,ACCEPTABLE
300,229,1.31,311.02,121.11,30.72,5.24,30.72,188,080_llama_image_0033_clean.jpg,ACCEPTABLE
300,229,1.31,284.79,113.91,29.13,5.0,29.13,179,080_llama_image_0033_mild_brightness.jpg,ACCEPTABLE
267,300,0.89,3193.36,96.04,80.18,15.05,80.18,255,001_Faces_easy_image_0016_compressed.jpg,DEGRADED
267,300,0.89,91.39,96.17,77.87,3.79,77.87,254,001_Faces_easy_image_0016_moderate_blur.jpg,DEGRADED
267,300,0.89,6165.53,95.93,79.98,18.07,79.98,256,001_Faces_easy_image_0016_moderate_noise.jpg,DEGRADED
267,300,0.89,4373.7,120.04,93.87,16.21,93.87,255,001_Faces_easy_image_0016_overexposed.jpg,DEGRADED
267,300,0.89,1066.79,48.64,41.13,8.01,41.13,135,001_Faces_easy_image_0016_underexposed.jpg,DEGRADED
300,249,1.2048,546.59,184.95,58.71,7.58,58.71,254,002_crayfish_image_0058_compressed.jpg,DEGRADED
300,249,1.2048,58.44,185.0,57.45,3.05,57.45,233,002_crayfish_image_0058_moderate_blur.jpg,DEGRADED
300,249,1.2048,2021.23,183.67,58.78,10.95,58.78,254,002_crayfish_image_0058_moderate_noise.jpg,DEGRADED
300,249,1.2048,1074.03,224.06,54.98,9.73,54.98,250,002_crayfish_image_0058_overexposed.jpg,DEGRADED
300,249,1.2048,266.2,110.6,35.38,5.09,35.38,154,002_crayfish_image_0058_underexposed.jpg,DEGRADED
300,256,1.1719,2044.74,197.11,89.07,12.29,89.07,256,003_ant_image_0006_compressed.jpg,DEGRADED
300,256,1.1719,96.18,197.64,87.51,4.01,87.51,256,003_ant_image_0006_moderate_blur.jpg,DEGRADED
300,256,1.1719,4251.94,194.07,85.69,15.28,85.69,256,003_ant_image_0006_moderate_noise.jpg,DEGRADED
300,256,1.1719,3152.76,210.43,88.15,13.72,88.15,256,003_ant_image_0006_overexposed.jpg,DEGRADED
300,256,1.1719,685.53,96.2,43.76,6.62,43.76,131,003_ant_image_0006_underexposed.jpg,DEGRADED
199,300,0.6633,633.77,109.39,25.2,7.96,25.2,240,004_scissors_image_0015_compressed.jpg,DEGRADED
199,300,0.6633,27.16,109.42,19.83,2.26,19.83,208,004_scissors_image_0015_moderate_blur.jpg,DEGRADED
199,300,0.6633,3111.04,108.44,27.55,12.82,27.55,245,004_scissors_image_0015_moderate_noise.jpg,DEGRADED
199,300,0.6633,1060.08,137.21,32.88,9.39,32.88,226,004_scissors_image_0015_overexposed.jpg,DEGRADED
199,300,0.6633,397.69,70.84,16.86,5.89,16.86,161,004_scissors_image_0015_underexposed.jpg,DEGRADED
225,300,0.75,565.65,92.78,76.63,7.54,76.63,256,005_water_lilly_image_0008_compressed.jpg,DEGRADED
225,300,0.75,26.77,92.83,74.66,2.22,74.66,253,005_water_lilly_image_0008_moderate_blur.jpg,DEGRADED
225,300,0.75,2725.09,93.07,76.09,11.88,76.09,256,005_water_lilly_image_0008_moderate_noise.jpg,DEGRADED
225,300,0.75,1057.64,115.33,90.55,9.55,90.55,256,005_water_lilly_image_0008_overexposed.jpg,DEGRADED
225,300,0.75,271.0,57.63,48.03,4.94,48.03,164,005_water_lilly_image_0008_underexposed.jpg,DEGRADED
188,300,0.6267,1491.6,124.42,87.06,11.22,87.06,253,006_metronome_image_0005_compressed.jpg,DEGRADED
188,300,0.6267,26.0,124.23,83.64,2.28,83.64,222,006_metronome_image_0005_moderate_blur.jpg,DEGRADED
188,300,0.6267,5854.39,124.05,85.82,17.11,85.82,253,006_metronome_image_0005_moderate_noise.jpg,DEGRADED
188,300,0.6267,6063.13,153.72,100.45,18.47,100.45,256,006_metronome_image_0005_overexposed.jpg,DEGRADED
188,300,0.6267,810.59,60.53,43.07,6.91,43.07,124,006_metronome_image_0005_underexposed.jpg,DEGRADED
204,300,0.68,2761.61,206.3,58.25,15.64,58.25,248,007_windsor_chair_image_0009_compressed.jpg,DEGRADED
204,300,0.68,176.2,206.33,52.49,5.66,52.49,214,007_windsor_chair_image_0009_moderate_blur.jpg,DEGRADED
204,300,0.68,5074.17,204.92,58.75,18.46,58.75,254,007_windsor_chair_image_0009_moderate_noise.jpg,DEGRADED
204,300,0.68,5001.05,235.07,48.74,18.06,48.74,251,007_windsor_chair_image_0009_overexposed.jpg,DEGRADED
204,300,0.68,1276.43,111.98,32.11,9.63,32.11,142,007_windsor_chair_image_0009_underexposed.jpg,DEGRADED
300,195,1.5385,2521.88,89.2,34.85,13.38,34.85,252,008_crocodile_image_0017_compressed.jpg,DEGRADED
300,195,1.5385,92.73,89.16,29.79,3.78,29.79,202,008_crocodile_image_0017_moderate_blur.jpg,DEGRADED
300,195,1.5385,7982.41,88.95,37.94,19.55,37.94,250,008_crocodile_image_0017_moderate_noise.jpg,DEGRADED
300,195,1.5385,7492.77,116.96,45.54,19.97,45.54,254,008_crocodile_image_0017_overexposed.jpg,DEGRADED
300,195,1.5385,1688.48,48.57,20.08,9.33,20.08,144,008_crocodile_image_0017_underexposed.jpg,DEGRADED
300,271,1.107,1171.3,152.03,74.81,10.19,74.81,255,009_laptop_image_0027_compressed.jpg,DEGRADED
300,271,1.107,63.15,152.01,73.16,3.26,73.16,236,009_laptop_image_0027_moderate_blur.jpg,DEGRADED
300,271,1.107,3160.52,151.1,74.8,13.64,74.8,256,009_laptop_image_0027_moderate_noise.jpg,DEGRADED
300,271,1.107,2894.98,186.53,78.81,14.51,78.81,256,009_laptop_image_0027_overexposed.jpg,DEGRADED
300,271,1.107,640.41,89.21,44.28,6.89,44.28,155,009_laptop_image_0027_underexposed.jpg,DEGRADED
300,210,1.4286,11381.05,49.74,44.23,24.9,44.23,250,010_mandolin_image_0025_compressed.jpg,DEGRADED
300,210,1.4286,124.27,49.05,33.68,4.23,33.68,192,010_mandolin_image_0025_moderate_blur.jpg,DEGRADED
300,210,1.4286,15462.15,49.68,45.13,26.77,45.13,245,010_mandolin_image_0025_moderate_noise.jpg,DEGRADED
300,210,1.4286,24934.47,65.81,59.09,34.25,59.09,256,010_mandolin_image_0025_overexposed.jpg,DEGRADED
300,210,1.4286,5825.7,32.01,29.59,16.77,29.59,163,010_mandolin_image_0025_underexposed.jpg,DEGRADED
277,300,0.9233,493.63,94.25,75.18,7.1,75.18,255,011_lamp_image_0034_compressed.jpg,DEGRADED
277,300,0.9233,15.89,94.22,72.93,1.72,72.93,238,011_lamp_image_0034_moderate_blur.jpg,DEGRADED
277,300,0.9233,3693.51,94.03,75.42,13.56,75.42,256,011_lamp_image_0034_moderate_noise.jpg,DEGRADED
277,300,0.9233,1493.23,129.2,88.49,11.42,88.49,255,011_lamp_image_0034_overexposed.jpg,DEGRADED
277,300,0.9233,151.49,42.18,34.1,3.73,34.1,117,011_lamp_image_0034_underexposed.jpg,DEGRADED
291,300,0.97,115.54,195.23,52.08,3.51,52.08,221,012_soccer_ball_image_0056_compressed.jpg,DEGRADED
291,300,0.97,8.03,195.15,51.22,1.16,51.22,205,012_soccer_ball_image_0056_moderate_blur.jpg,DEGRADED
291,300,0.97,1180.16,194.64,52.51,7.41,52.51,228,012_soccer_ball_image_0056_moderate_noise.jpg,DEGRADED
291,300,0.97,214.2,235.39,43.91,4.37,43.91,196,012_soccer_ball_image_0056_overexposed.jpg,DEGRADED
291,300,0.97,66.14,122.6,32.87,2.52,32.87,138,012_soccer_ball_image_0056_underexposed.jpg,DEGRADED
205,300,0.6833,2387.01,95.27,53.03,12.71,53.03,254,013_panda_image_0030_compressed.jpg,DEGRADED
205,300,0.6833,89.15,95.23,49.8,3.75,49.8,216,013_panda_image_0030_moderate_blur.jpg,DEGRADED
205,300,0.6833,9678.05,94.76,55.37,19.91,55.37,255,013_panda_image_0030_moderate_noise.jpg,DEGRADED
205,300,0.6833,17284.92,149.26,74.2,26.64,74.2,255,013_panda_image_0030_overexposed.jpg,DEGRADED
205,300,0.6833,1868.33,46.22,26.78,8.83,26.78,128,013_panda_image_0030_underexposed.jpg,DEGRADED
280,300,0.9333,2387.48,41.98,47.44,13.39,47.44,255,014_barrel_image_0009_compressed.jpg,DEGRADED
280,300,0.9333,26.37,41.58,43.36,2.16,43.36,238,014_barrel_image_0009_moderate_blur.jpg,DEGRADED
280,300,0.9333,3445.95,43.14,46.46,14.47,46.46,255,014_barrel_image_0009_moderate_noise.jpg,DEGRADED
280,300,0.9333,4517.6,61.84,68.45,17.79,68.45,256,014_barrel_image_0009_overexposed.jpg,DEGRADED
280,300,0.9333,644.1,20.91,24.15,6.72,24.15,133,014_barrel_image_0009_underexposed.jpg,DEGRADED
292,300,0.9733,2008.47,109.78,53.05,13.03,53.05,255,015_sunflower_image_0033_compressed.jpg,DEGRADED
292,300,0.9733,103.34,109.8,49.64,4.06,49.64,224,015_sunflower_image_0033_moderate_blur.jpg,DEGRADED
292,300,0.9733,5459.23,109.3,54.57,17.8,54.57,254,015_sunflower_image_0033_moderate_noise.jpg,DEGRADED
292,300,0.9733,4148.35,144.85,66.02,17.33,66.02,256,015_sunflower_image_0033_overexposed.jpg,DEGRADED
292,300,0.9733,1406.6,74.89,36.86,10.24,36.86,178,015_sunflower_image_0033_underexposed.jpg,DEGRADED
300,225,1.3333,193.87,58.77,30.8,4.57,30.8,231,016_pizza_image_0009_compressed.jpg,DEGRADED
300,225,1.3333,12.78,58.82,29.17,1.47,29.17,179,016_pizza_image_0009_moderate_blur.jpg,DEGRADED
300,225,1.3333,3658.34,59.12,32.73,12.67,32.73,238,016_pizza_image_0009_moderate_noise.jpg,DEGRADED
300,225,1.3333,654.82,86.13,45.33,7.81,45.33,254,016_pizza_image_0009_overexposed.jpg,DEGRADED
300,225,1.3333,125.5,35.52,19.03,3.44,19.03,148,016_pizza_image_0009_underexposed.jpg,DEGRADED
300,188,1.5957,272.66,210.99,55.34,5.39,55.34,200,017_scorpion_image_0044_compressed.jpg,DEGRADED
300,188,1.5957,11.07,210.93,53.33,1.41,53.33,181,017_scorpion_image_0044_moderate_blur.jpg,DEGRADED
300,188,1.5957,1531.62,209.41,55.3,8.89,55.3,213,017_scorpion_image_0044_moderate_noise.jpg,DEGRADED
300,188,1.5957,408.32,235.94,43.78,5.98,43.78,169,017_scorpion_image_0044_overexposed.jpg,DEGRADED
300,188,1.5957,67.8,98.16,25.88,2.63,25.88,94,017_scorpion_image_0044_underexposed.jpg,DEGRADED
300,232,1.2931,741.43,209.74,63.99,8.35,63.99,256,018_tick_image_0005_compressed.jpg,DEGRADED
300,232,1.2931,29.44,209.68,61.38,2.36,61.38,248,018_tick_image_0005_moderate_blur.jpg,DEGRADED
300,232,1.2931,2591.89,208.4,64.17,12.14,64.17,256,018_tick_image_0005_moderate_noise.jpg,DEGRADED
300,232,1.2931,2563.54,233.14,56.68,13.26,56.68,256,018_tick_image_0005_overexposed.jpg,DEGRADED
300,232,1.2931,311.68,100.75,31.02,4.83,31.02,126,018_tick_image_0005_underexposed.jpg,DEGRADED
300,253,1.1858,78.54,206.9,82.75,2.95,82.75,256,019_butterfly_image_0009_compressed.jpg,DEGRADED
300,253,1.1858,6.38,207.47,82.05,1.1,82.05,256,019_butterfly_image_0009_moderate_blur.jpg,DEGRADED
300,253,1.1858,1113.52,203.85,80.48,7.03,80.48,256,019_butterfly_image_0009_moderate_noise.jpg,DEGRADED
300,253,1.1858,171.81,219.03,79.12,4.12,79.12,256,019_butterfly_image_0009_overexposed.jpg,DEGRADED
300,253,1.1858,29.76,115.03,46.3,1.77,46.3,147,019_butterfly_image_0009_underexposed.jpg,DEGRADED
219,300,0.73,5141.12,105.45,45.13,17.09,45.13,256,020_flamingo_image_0044_compressed.jpg,DEGRADED
219,300,0.73,83.0,105.47,39.88,3.53,39.88,219,020_flamingo_image_0044_moderate_blur.jpg,DEGRADED
219,300,0.73,15402.88,105.0,48.62,24.58,48.62,256,020_flamingo_image_0044_moderate_noise.jpg,DEGRADED
219,300,0.73,25876.72,148.83,56.59,31.37,56.59,256,020_flamingo_image_0044_overexposed.jpg,DEGRADED
219,300,0.73,3755.86,51.95,24.05,11.98,24.05,131,020_flamingo_image_0044_underexposed.jpg,DEGRADED
260,300,0.8667,1425.07,208.9,70.1,10.81,70.1,256,021_saxophone_image_0011_compressed.jpg,DEGRADED
260,300,0.8667,19.78,209.49,66.45,2.0,66.45,228,021_saxophone_image_0011_moderate_blur.jpg,DEGRADED
260,300,0.8667,2379.86,206.91,69.41,12.2,69.41,256,021_saxophone_image_0011_moderate_noise.jpg,DEGRADED
260,300,0.8667,2665.5,226.64,58.55,13.6,58.55,253,021_saxophone_image_0011_overexposed.jpg,DEGRADED
260,300,0.8667,602.83,128.09,43.26,6.72,43.26,163,021_saxophone_image_0011_underexposed.jpg,DEGRADED
300,225,1.3333,1574.22,128.58,71.07,10.81,71.07,251,022_electric_guitar_image_0052_compressed.jpg,DEGRADED
300,225,1.3333,25.05,128.49,68.68,2.17,68.68,212,022_electric_guitar_image_0052_moderate_blur.jpg,DEGRADED
300,225,1.3333,5480.8,128.65,71.65,16.28,71.65,254,022_electric_guitar_image_0052_moderate_noise.jpg,DEGRADED
300,225,1.3333,3650.85,160.51,86.03,15.08,86.03,256,022_electric_guitar_image_0052_overexposed.jpg,DEGRADED
300,225,1.3333,573.0,62.73,35.18,5.94,35.18,125,022_electric_guitar_image_0052_underexposed.jpg,DEGRADED
192,128,1.5,1927.39,99.72,49.07,13.11,49.07,252,023_Leopards_image_0041_compressed.jpg,DEGRADED
192,128,1.5,37.66,100.13,44.21,2.64,44.21,239,023_Leopards_image_0041_moderate_blur.jpg,DEGRADED
192,128,1.5,4663.23,99.3,50.14,16.87,50.14,250,023_Leopards_image_0041_moderate_noise.jpg,DEGRADED
192,128,1.5,7921.52,159.36,71.13,23.1,71.13,256,023_Leopards_image_0041_overexposed.jpg,DEGRADED
192,128,1.5,1044.96,51.76,26.26,8.35,26.26,134,023_Leopards_image_0041_underexposed.jpg,DEGRADED
233,300,0.7767,890.05,122.63,94.4,9.57,94.4,256,024_camera_image_0011_compressed.jpg,DEGRADED
233,300,0.7767,23.28,122.9,91.96,2.12,91.96,249,024_camera_image_0011_moderate_blur.jpg,DEGRADED
233,300,0.7767,1956.9,121.42,93.35,11.48,93.35,256,024_camera_image_0011_moderate_noise.jpg,DEGRADED
233,300,0.7767,1395.59,138.13,93.7,11.64,93.7,256,024_camera_image_0011_overexposed.jpg,DEGRADED
233,300,0.7767,437.98,84.3,65.44,6.66,65.44,182,024_camera_image_0011_underexposed.jpg,DEGRADED
261,197,1.3249,2178.58,129.29,114.02,14.38,114.02,256,025_Motorbikes_image_0720_compressed.jpg,DEGRADED
261,197,1.3249,32.06,129.58,110.5,2.58,110.5,250,025_Motorbikes_image_0720_moderate_blur.jpg,DEGRADED
261,197,1.3249,3287.55,127.87,111.52,15.72,111.52,256,025_Motorbikes_image_0720_moderate_noise.jpg,DEGRADED
261,197,1.3249,3809.96,139.35,113.11,17.57,113.11,256,025_Motorbikes_image_0720_overexposed.jpg,DEGRADED
261,197,1.3249,932.58,77.03,68.57,9.02,68.57,157,025_Motorbikes_image_0720_underexposed.jpg,DEGRADED
300,227,1.3216,1741.1,94.21,50.49,12.92,50.49,246,026_crocodile_head_image_0049_compressed.jpg,DEGRADED
300,227,1.3216,53.9,94.18,44.61,3.11,44.61,223,026_crocodile_head_image_0049_moderate_blur.jpg,DEGRADED
300,227,1.3216,3994.44,93.95,51.3,16.33,51.3,249,026_crocodile_head_image_0049_moderate_noise.jpg,DEGRADED
300,227,1.3216,5361.37,142.21,70.8,20.87,70.8,256,026_crocodile_head_image_0049_overexposed.jpg,DEGRADED
300,227,1.3216,834.93,51.22,28.04,8.21,28.04,137,026_crocodile_head_image_0049_underexposed.jpg,DEGRADED
300,300,1.0,7858.28,175.31,49.66,23.12,49.66,256,027_cougar_face_image_0043_compressed.jpg,DEGRADED
300,300,1.0,35.39,175.25,36.38,2.58,36.38,235,027_cougar_face_image_0043_moderate_blur.jpg,DEGRADED
300,300,1.0,12452.89,174.54,51.26,26.38,51.26,256,027_cougar_face_image_0043_moderate_noise.jpg,DEGRADED
300,300,1.0,11627.12,221.3,56.11,27.18,56.11,256,027_cougar_face_image_0043_overexposed.jpg,DEGRADED
300,300,1.0,1921.81,81.58,23.56,11.12,23.56,124,027_cougar_face_image_0043_underexposed.jpg,DEGRADED
295,300,0.9833,9595.34,223.88,67.82,28.47,67.82,256,028_snoopy_image_0005_compressed.jpg,DEGRADED
295,300,0.9833,175.0,224.73,49.61,5.71,49.61,240,028_snoopy_image_0005_moderate_blur.jpg,DEGRADED
295,300,0.9833,10481.15,218.93,66.08,28.87,66.08,256,028_snoopy_image_0005_moderate_noise.jpg,DEGRADED
295,300,0.9833,13626.25,232.89,62.08,31.43,62.08,256,028_snoopy_image_0005_overexposed.jpg,DEGRADED
295,300,0.9833,3762.61,140.09,42.75,17.98,42.75,168,028_snoopy_image_0005_underexposed.jpg,DEGRADED
300,208,1.4423,2227.39,187.32,62.0,13.7,62.0,255,029_stapler_image_0023_compressed.jpg,DEGRADED
300,208,1.4423,92.17,187.17,58.58,4.03,58.58,234,029_stapler_image_0023_moderate_blur.jpg,DEGRADED
300,208,1.4423,3555.45,186.38,62.15,15.25,62.15,256,029_stapler_image_0023_moderate_noise.jpg,DEGRADED
300,208,1.4423,2530.21,227.49,57.54,14.28,57.54,255,029_stapler_image_0023_overexposed.jpg,DEGRADED
300,208,1.4423,931.77,125.4,41.61,8.93,41.61,177,029_stapler_image_0023_underexposed.jpg,DEGRADED
143,300,0.4767,5457.23,154.65,68.81,20.49,68.81,255,030_garfield_image_0003_compressed.jpg,DEGRADED
143,300,0.4767,90.37,154.25,60.53,4.12,60.53,241,030_garfield_image_0003_moderate_blur.jpg,DEGRADED
143,300,0.4767,10128.34,153.71,69.66,24.31,69.66,256,030_garfield_image_0003_moderate_noise.jpg,DEGRADED
143,300,0.4767,11873.07,179.62,73.03,27.94,73.03,256,030_garfield_image_0003_overexposed.jpg,DEGRADED
143,300,0.4767,3195.23,101.64,46.13,14.65,46.13,171,030_garfield_image_0003_underexposed.jpg,DEGRADED
256,300,0.8533,2305.08,133.2,85.37,13.43,85.37,256,031_strawberry_image_0012_compressed.jpg,DEGRADED
256,300,0.8533,68.85,133.06,81.87,3.68,81.87,255,031_strawberry_image_0012_moderate_blur.jpg,DEGRADED
256,300,0.8533,4390.64,131.86,83.75,16.25,83.75,256,031_strawberry_image_0012_moderate_noise.jpg,DEGRADED
256,300,0.8533,3642.66,140.46,85.34,15.7,85.34,256,031_strawberry_image_0012_overexposed.jpg,DEGRADED
256,300,0.8533,1061.64,73.86,48.51,8.49,48.51,149,031_strawberry_image_0012_underexposed.jpg,DEGRADED
300,300,1.0,1142.04,158.78,86.4,8.19,86.4,256,032_umbrella_image_0045_compressed.jpg,DEGRADED
300,300,1.0,13.84,158.8,85.11,1.61,85.11,226,032_umbrella_image_0045_moderate_blur.jpg,DEGRADED
300,300,1.0,1876.53,158.39,86.49,9.57,86.49,256,032_umbrella_image_0045_moderate_noise.jpg,DEGRADED
300,300,1.0,1062.77,190.72,86.87,8.41,86.87,256,032_umbrella_image_0045_overexposed.jpg,DEGRADED
300,300,1.0,199.0,83.42,45.54,3.61,45.54,139,032_umbrella_image_0045_underexposed.jpg,DEGRADED
247,300,0.8233,2113.03,151.55,20.73,12.09,20.73,240,033_starfish_image_0008_compressed.jpg,DEGRADED
247,300,0.8233,7.3,151.58,12.67,1.05,12.67,142,033_starfish_image_0008_moderate_blur.jpg,DEGRADED
247,300,0.8233,5851.46,151.04,24.33,16.93,24.33,236,033_starfish_image_0008_moderate_noise.jpg,DEGRADED
247,300,0.8233,3287.8,229.12,26.23,14.0,26.23,223,033_starfish_image_0008_overexposed.jpg,DEGRADED
247,300,0.8233,850.17,83.12,11.66,7.2,11.66,135,033_starfish_image_0008_underexposed.jpg,DEGRADED
196,300,0.6533,2640.15,129.92,101.54,12.74,101.54,256,034_pagoda_image_0008_compressed.jpg,DEGRADED
196,300,0.6533,29.98,129.7,98.49,2.4,98.49,256,034_pagoda_image_0008_moderate_blur.jpg,DEGRADED
196,300,0.6533,7716.92,130.32,99.35,18.41,99.35,256,034_pagoda_image_0008_moderate_noise.jpg,DEGRADED
196,300,0.6533,7016.55,150.16,111.15,18.06,111.15,256,034_pagoda_image_0008_overexposed.jpg,DEGRADED
196,300,0.6533,2190.08,83.34,66.06,10.18,66.06,172,034_pagoda_image_0008_underexposed.jpg,DEGRADED
238,300,0.7933,2458.25,117.28,44.01,13.73,44.01,251,035_emu_image_0019_compressed.jpg,DEGRADED
238,300,0.7933,96.79,117.27,39.86,3.82,39.86,220,035_emu_image_0019_moderate_blur.jpg,DEGRADED
238,300,0.7933,6741.04,116.72,46.25,19.1,46.25,255,035_emu_image_0019_moderate_noise.jpg,DEGRADED
238,300,0.7933,6262.62,179.04,54.24,20.61,54.24,253,035_emu_image_0019_overexposed.jpg,DEGRADED
238,300,0.7933,945.5,58.81,22.63,7.92,22.63,130,035_emu_image_0019_underexposed.jpg,DEGRADED
300,205,1.4634,4078.13,80.86,59.31,15.98,59.31,255,036_mayfly_image_0010_compressed.jpg,DEGRADED
300,205,1.4634,33.63,80.87,54.71,2.43,54.71,200,036_mayfly_image_0010_moderate_blur.jpg,DEGRADED
300,205,1.4634,6665.23,80.87,59.69,18.52,59.69,256,036_mayfly_image_0010_moderate_noise.jpg,DEGRADED
300,205,1.4634,7675.33,125.02,80.56,20.54,80.56,255,036_mayfly_image_0010_overexposed.jpg,DEGRADED
300,205,1.4634,2150.65,53.26,39.67,11.05,39.67,172,036_mayfly_image_0010_underexposed.jpg,DEGRADED
300,210,1.4286,10650.74,72.17,66.11,24.64,66.11,256,037_hawksbill_image_0011_compressed.jpg,DEGRADED
300,210,1.4286,184.82,71.99,59.38,5.26,59.38,246,037_hawksbill_image_0011_moderate_blur.jpg,DEGRADED
300,210,1.4286,14001.5,72.16,66.84,26.65,66.84,256,037_hawksbill_image_0011_moderate_noise.jpg,DEGRADED
300,210,1.4286,17388.16,92.16,79.06,29.81,79.06,256,037_hawksbill_image_0011_overexposed.jpg,DEGRADED
300,210,1.4286,6230.59,49.5,46.45,18.02,46.45,181,037_hawksbill_image_0011_underexposed.jpg,DEGRADED
300,269,1.1152,1207.36,149.35,92.65,9.72,92.65,256,038_anchor_image_0007_compressed.jpg,DEGRADED
300,269,1.1152,22.22,149.45,89.98,2.05,89.98,256,038_anchor_image_0007_moderate_blur.jpg,DEGRADED
300,269,1.1152,2546.53,148.32,91.6,11.8,91.6,256,038_anchor_image_0007_moderate_noise.jpg,DEGRADED
300,269,1.1152,2009.74,171.35,96.18,11.48,96.18,256,038_anchor_image_0007_overexposed.jpg,DEGRADED
300,269,1.1152,720.83,100.41,62.71,6.87,62.71,179,038_anchor_image_0007_underexposed.jpg,DEGRADED
300,239,1.2552,8229.64,216.76,63.9,25.23,63.9,256,039_nautilus_image_0006_compressed.jpg,DEGRADED
300,239,1.2552,374.36,217.39,53.16,7.79,53.16,245,039_nautilus_image_0006_moderate_blur.jpg,DEGRADED
300,239,1.2552,12614.56,212.13,63.1,28.23,63.1,256,039_nautilus_image_0006_moderate_noise.jpg,DEGRADED
300,239,1.2552,14173.76,234.01,54.55,28.76,54.55,256,039_nautilus_image_0006_overexposed.jpg,DEGRADED
300,239,1.2552,5170.41,147.4,44.43,18.75,44.43,182,039_nautilus_image_0006_underexposed.jpg,DEGRADED
300,274,1.0949,1010.71,203.44,88.75,9.48,88.75,256,040_pigeon_image_0034_compressed.jpg,DEGRADED
300,274,1.0949,19.26,203.37,86.4,1.94,86.4,256,040_pigeon_image_0034_moderate_blur.jpg,DEGRADED
300,274,1.0949,2255.51,199.68,86.55,11.91,86.55,256,040_pigeon_image_0034_moderate_noise.jpg,DEGRADED
300,274,1.0949,2571.47,212.22,84.79,13.73,84.79,256,040_pigeon_image_0034_overexposed.jpg,DEGRADED
300,274,1.0949,332.66,97.29,42.76,5.09,42.76,128,040_pigeon_image_0034_underexposed.jpg,DEGRADED
208,300,0.6933,983.43,171.53,62.68,9.35,62.68,253,041_gramophone_image_0051_compressed.jpg,DEGRADED
208,300,0.6933,58.81,171.57,61.04,3.14,61.04,237,041_gramophone_image_0051_moderate_blur.jpg,DEGRADED
208,300,0.6933,3159.64,171.01,63.43,13.34,63.43,256,041_gramophone_image_0051_moderate_noise.jpg,DEGRADED
208,300,0.6933,2300.92,218.53,65.22,13.19,65.22,255,041_gramophone_image_0051_overexposed.jpg,DEGRADED
208,300,0.6933,410.51,85.78,31.66,5.47,31.66,129,041_gramophone_image_0051_underexposed.jpg,DEGRADED
300,225,1.3333,313.6,117.7,48.5,5.69,48.5,237,042_chandelier_image_0087_compressed.jpg,DEGRADED
300,225,1.3333,9.41,117.66,46.41,1.26,46.41,211,042_chandelier_image_0087_moderate_blur.jpg,DEGRADED
300,225,1.3333,1855.65,117.14,49.29,9.86,49.29,246,042_chandelier_image_0087_moderate_noise.jpg,DEGRADED
300,225,1.3333,807.81,167.18,56.86,8.25,56.86,232,042_chandelier_image_0087_overexposed.jpg,DEGRADED
300,225,1.3333,109.65,54.96,22.94,3.15,22.94,115,042_chandelier_image_0087_underexposed.jpg,DEGRADED
300,198,1.5152,1179.42,156.32,70.92,10.12,70.92,255,043_cougar_body_image_0042_compressed.jpg,DEGRADED
300,198,1.5152,78.48,156.31,69.11,3.62,69.11,249,043_cougar_body_image_0042_moderate_blur.jpg,DEGRADED
300,198,1.5152,3709.6,155.74,71.31,14.21,71.31,256,043_cougar_body_image_0042_moderate_noise.jpg,DEGRADED
300,198,1.5152,4968.89,206.5,77.56,17.31,77.56,256,043_cougar_body_image_0042_overexposed.jpg,DEGRADED
300,198,1.5152,475.67,71.69,32.93,5.57,32.93,121,043_cougar_body_image_0042_underexposed.jpg,DEGRADED
191,300,0.6367,2737.14,56.12,89.06,16.64,89.06,256,044_menorah_image_0013_compressed.jpg,DEGRADED
191,300,0.6367,250.73,55.76,83.21,7.0,83.21,256,044_menorah_image_0013_moderate_blur.jpg,DEGRADED
191,300,0.6367,3417.84,57.95,87.12,17.36,87.12,256,044_menorah_image_0013_moderate_noise.jpg,DEGRADED
191,300,0.6367,4323.54,68.46,103.3,20.23,103.3,256,044_menorah_image_0013_overexposed.jpg,DEGRADED
191,300,0.6367,1095.6,34.43,55.54,10.47,55.54,164,044_menorah_image_0013_underexposed.jpg,DEGRADED
185,300,0.6167,2689.0,156.09,41.41,12.32,41.41,244,045_octopus_image_0011_compressed.jpg,DEGRADED
185,300,0.6167,12.75,155.95,36.59,1.51,36.59,173,045_octopus_image_0011_moderate_blur.jpg,DEGRADED
185,300,0.6167,2663.49,155.42,41.23,11.79,41.23,225,045_octopus_image_0011_moderate_noise.jpg,DEGRADED
185,300,0.6167,1864.71,220.05,52.71,11.39,52.71,233,045_octopus_image_0011_overexposed.jpg,DEGRADED
185,300,0.6167,461.44,102.75,26.64,5.75,26.64,138,045_octopus_image_0011_underexposed.jpg,DEGRADED
300,193,1.5544,837.16,219.01,58.33,8.46,58.33,256,046_beaver_image_0038_compressed.jpg,DEGRADED
300,193,1.5544,13.52,219.08,55.53,1.61,55.53,237,046_beaver_image_0038_moderate_blur.jpg,DEGRADED
300,193,1.5544,3434.05,213.58,56.35,13.15,56.35,256,046_beaver_image_0038_moderate_noise.jpg,DEGRADED
300,193,1.5544,2622.89,241.8,37.79,12.36,37.79,255,046_beaver_image_0038_overexposed.jpg,DEGRADED
300,193,1.5544,561.11,121.18,32.54,5.86,32.54,148,046_beaver_image_0038_underexposed.jpg,DEGRADED
300,197,1.5228,928.69,119.36,51.72,9.44,51.72,256,047_car_side_image_0047_compressed.jpg,DEGRADED
300,197,1.5228,30.86,119.39,48.05,2.43,48.05,252,047_car_side_image_0047_moderate_blur.jpg,DEGRADED
300,197,1.5228,3981.38,118.85,52.77,14.53,52.77,256,047_car_side_image_0047_moderate_noise.jpg,DEGRADED
300,197,1.5228,2018.72,174.01,62.36,13.07,62.36,255,047_car_side_image_0047_overexposed.jpg,DEGRADED
300,197,1.5228,392.65,68.78,30.13,5.88,30.13,153,047_car_side_image_0047_underexposed.jpg,DEGRADED
300,176,1.7045,1397.53,46.98,66.99,11.02,66.99,255,048_watch_image_0184_compressed.jpg,DEGRADED
300,176,1.7045,86.38,46.74,64.86,3.9,64.86,251,048_watch_image_0184_moderate_blur.jpg,DEGRADED
300,176,1.7045,3288.71,48.14,66.71,14.23,66.71,255,048_watch_image_0184_moderate_noise.jpg,DEGRADED
300,176,1.7045,3962.22,66.46,91.17,16.31,91.17,256,048_watch_image_0184_overexposed.jpg,DEGRADED
300,176,1.7045,653.4,23.41,34.27,6.69,34.27,133,048_watch_image_0184_underexposed.jpg,DEGRADED
300,188,1.5957,3780.27,146.28,55.56,16.27,55.56,251,049_stegosaurus_image_0002_compressed.jpg,DEGRADED
300,188,1.5957,34.15,146.14,50.38,2.47,50.38,213,049_stegosaurus_image_0002_moderate_blur.jpg,DEGRADED
300,188,1.5957,6816.87,145.66,56.45,19.0,56.45,251,049_stegosaurus_image_0002_moderate_noise.jpg,DEGRADED
300,188,1.5957,10275.08,208.34,61.98,23.85,61.98,252,049_stegosaurus_image_0002_overexposed.jpg,DEGRADED
300,188,1.5957,1936.84,93.37,35.76,10.74,35.76,164,049_stegosaurus_image_0002_underexposed.jpg,DEGRADED
398,168,2.369,541.39,150.44,42.78,7.28,42.78,237,050_airplanes_image_0644_compressed.jpg,DEGRADED
398,168,2.369,15.42,150.42,40.56,1.7,40.56,214,050_airplanes_image_0644_moderate_blur.jpg,DEGRADED
398,168,2.369,2697.3,149.43,42.9,11.67,42.9,244,050_airplanes_image_0644_moderate_noise.jpg,DEGRADED
398,168,2.369,724.67,222.64,40.28,7.72,40.28,213,050_airplanes_image_0644_overexposed.jpg,DEGRADED
398,168,2.369,225.2,94.73,27.19,4.64,27.19,150,050_airplanes_image_0644_underexposed.jpg,DEGRADED
152,140,1.0857,6107.14,165.15,99.9,16.41,99.9,213,051_BACKGROUND_Google_image_0360_compressed.jpg,DEGRADED
152,140,1.0857,43.5,165.28,97.74,2.9,97.74,245,051_BACKGROUND_Google_image_0360_moderate_blur.jpg,DEGRADED
152,140,1.0857,9211.4,162.85,96.69,19.13,96.69,183,051_BACKGROUND_Google_image_0360_moderate_noise.jpg,DEGRADED
152,140,1.0857,15745.87,176.71,91.42,22.02,91.42,208,051_BACKGROUND_Google_image_0360_overexposed.jpg,DEGRADED
152,140,1.0857,3841.11,109.08,66.83,12.27,66.83,113,051_BACKGROUND_Google_image_0360_underexposed.jpg,DEGRADED
300,242,1.2397,293.93,129.94,17.37,5.44,17.37,202,052_platypus_image_0017_compressed.jpg,DEGRADED
300,242,1.2397,10.94,129.94,14.33,1.34,14.33,151,052_platypus_image_0017_moderate_blur.jpg,DEGRADED
300,242,1.2397,1715.52,129.43,19.29,9.4,19.29,202,052_platypus_image_0017_moderate_noise.jpg,DEGRADED
300,242,1.2397,683.2,170.84,22.74,7.91,22.74,218,052_platypus_image_0017_overexposed.jpg,DEGRADED
300,242,1.2397,142.81,72.96,10.0,3.58,10.0,120,052_platypus_image_0017_underexposed.jpg,DEGRADED
550,363,1.5152,740.92,129.29,43.91,8.44,43.91,254,053_Faces_image_0245_compressed.jpg,DEGRADED
550,363,1.5152,18.39,129.38,41.38,1.81,41.38,240,053_Faces_image_0245_moderate_blur.jpg,DEGRADED
550,363,1.5152,2659.72,128.77,44.91,12.34,44.91,256,053_Faces_image_0245_moderate_noise.jpg,DEGRADED
550,363,1.5152,1715.57,166.08,53.38,11.88,53.38,255,053_Faces_image_0245_overexposed.jpg,DEGRADED
550,363,1.5152,237.2,60.32,20.8,4.49,20.8,122,053_Faces_image_0245_underexposed.jpg,DEGRADED
300,225,1.3333,777.35,62.77,59.65,8.82,59.65,256,054_wild_cat_image_0014_compressed.jpg,DEGRADED
300,225,1.3333,83.19,62.72,57.24,3.86,57.24,247,054_wild_cat_image_0014_moderate_blur.jpg,DEGRADED
300,225,1.3333,1980.68,63.01,59.4,11.05,59.4,255,054_wild_cat_image_0014_moderate_noise.jpg,DEGRADED
300,225,1.3333,1214.29,83.4,77.69,10.81,77.69,256,054_wild_cat_image_0014_overexposed.jpg,DEGRADED
300,225,1.3333,152.73,28.11,27.1,3.92,27.1,118,054_wild_cat_image_0014_underexposed.jpg,DEGRADED
300,219,1.3699,1036.03,119.15,55.48,9.15,55.48,237,055_rhino_image_0025_compressed.jpg,DEGRADED
300,219,1.3699,44.1,119.11,53.63,2.71,53.63,178,055_rhino_image_0025_moderate_blur.jpg,DEGRADED
300,219,1.3699,3489.72,118.65,56.26,13.28,56.26,240,055_rhino_image_0025_moderate_noise.jpg,DEGRADED
300,219,1.3699,2194.55,173.21,67.27,12.88,67.27,252,055_rhino_image_0025_overexposed.jpg,DEGRADED
300,219,1.3699,498.19,81.8,38.21,6.21,38.21,158,055_rhino_image_0025_underexposed.jpg,DEGRADED
300,289,1.0381,4138.85,180.6,90.22,18.82,90.22,256,056_wheelchair_image_0004_compressed.jpg,DEGRADED
300,289,1.0381,102.54,180.9,83.14,4.49,83.14,243,056_wheelchair_image_0004_moderate_blur.jpg,DEGRADED
300,289,1.0381,6718.78,177.68,88.75,21.48,88.75,256,056_wheelchair_image_0004_moderate_noise.jpg,DEGRADED
300,289,1.0381,7349.05,193.46,85.56,23.12,85.56,256,056_wheelchair_image_0004_overexposed.jpg,DEGRADED
300,289,1.0381,2244.43,113.31,57.24,12.98,57.24,169,056_wheelchair_image_0004_underexposed.jpg,DEGRADED
300,300,1.0,3694.36,185.14,85.35,16.62,85.35,256,057_inline_skate_image_0016_compressed.jpg,DEGRADED
300,300,1.0,35.22,185.24,79.77,2.63,79.77,249,057_inline_skate_image_0016_moderate_blur.jpg,DEGRADED
300,300,1.0,6916.05,181.1,83.24,19.97,83.24,256,057_inline_skate_image_0016_moderate_noise.jpg,DEGRADED
300,300,1.0,8207.55,203.76,75.84,22.43,75.84,256,057_inline_skate_image_0016_overexposed.jpg,DEGRADED
300,300,1.0,1594.52,98.77,45.99,10.01,45.99,143,057_inline_skate_image_0016_underexposed.jpg,DEGRADED
300,221,1.3575,4505.16,77.49,64.87,17.2,64.87,256,058_okapi_image_0004_compressed.jpg,DEGRADED
300,221,1.3575,38.15,77.34,59.89,2.61,59.89,238,058_okapi_image_0004_moderate_blur.jpg,DEGRADED
300,221,1.3575,8555.24,78.08,65.02,20.94,65.02,255,058_okapi_image_0004_moderate_noise.jpg,DEGRADED
300,221,1.3575,10155.85,113.91,90.97,23.98,90.97,256,058_okapi_image_0004_overexposed.jpg,DEGRADED
300,221,1.3575,2714.99,50.37,43.03,12.39,43.03,170,058_okapi_image_0004_underexposed.jpg,DEGRADED
225,300,0.75,142.38,176.82,53.08,3.99,53.08,256,059_ewer_image_0052_compressed.jpg,DEGRADED
225,300,0.75,11.01,176.73,51.86,1.41,51.86,255,059_ewer_image_0052_moderate_blur.jpg,DEGRADED
225,300,0.75,2022.27,176.07,53.3,9.49,53.3,256,059_ewer_image_0052_moderate_noise.jpg,DEGRADED
225,300,0.75,268.04,225.04,56.23,5.18,56.23,256,059_ewer_image_0052_overexposed.jpg,DEGRADED
225,300,0.75,69.12,111.31,33.58,2.69,33.58,163,059_ewer_image_0052_underexposed.jpg,DEGRADED
300,287,1.0453,571.25,103.56,61.2,7.46,61.2,242,060_sea_horse_image_0049_compressed.jpg,DEGRADED
300,287,1.0453,21.93,103.54,59.49,1.95,59.49,219,060_sea_horse_image_0049_moderate_blur.jpg,DEGRADED
300,287,1.0453,2724.3,103.33,61.79,12.13,61.79,248,060_sea_horse_image_0049_moderate_noise.jpg,DEGRADED
300,287,1.0453,1634.32,141.78,79.92,11.09,79.92,254,060_sea_horse_image_0049_overexposed.jpg,DEGRADED
300,287,1.0453,387.42,58.91,35.28,5.41,35.28,140,060_sea_horse_image_0049_underexposed.jpg,DEGRADED
300,235,1.2766,10936.22,87.0,96.15,24.36,96.15,256,061_accordion_image_0041_compressed.jpg,DEGRADED
300,235,1.2766,116.79,86.99,88.82,4.67,88.82,256,061_accordion_image_0041_moderate_blur.jpg,DEGRADED
300,235,1.2766,15020.51,87.59,94.82,26.48,94.82,256,061_accordion_image_0041_moderate_noise.jpg,DEGRADED
300,235,1.2766,18063.23,100.47,104.61,29.48,104.61,256,061_accordion_image_0041_overexposed.jpg,DEGRADED
300,235,1.2766,4941.67,50.04,56.45,15.22,56.45,157,061_accordion_image_0041_underexposed.jpg,DEGRADED
300,168,1.7857,1252.83,113.57,68.59,10.36,68.59,256,062_wrench_image_0019_compressed.jpg,DEGRADED
300,168,1.7857,44.41,113.7,64.86,2.91,64.86,251,062_wrench_image_0019_moderate_blur.jpg,DEGRADED
300,168,1.7857,3940.12,112.9,68.68,14.59,68.68,256,062_wrench_image_0019_moderate_noise.jpg,DEGRADED
300,168,1.7857,2931.73,146.66,74.41,14.03,74.41,256,062_wrench_image_0019_overexposed.jpg,DEGRADED
300,168,1.7857,408.54,51.12,31.4,5.33,31.4,120,062_wrench_image_0019_underexposed.jpg,DEGRADED
288,300,0.96,2769.13,161.86,111.6,15.31,111.6,256,063_grand_piano_image_0013_compressed.jpg,DEGRADED
288,300,0.96,61.92,161.87,108.13,3.52,108.13,256,063_grand_piano_image_0013_moderate_blur.jpg,DEGRADED
288,300,0.96,4921.68,158.56,106.72,17.69,106.72,256,063_grand_piano_image_0013_moderate_noise.jpg,DEGRADED
288,300,0.96,4558.71,168.56,109.95,18.6,109.95,256,063_grand_piano_image_0013_overexposed.jpg,DEGRADED
288,300,0.96,1179.2,94.52,65.7,9.53,65.7,157,063_grand_piano_image_0013_underexposed.jpg,DEGRADED
300,212,1.4151,378.08,106.09,34.64,6.1,34.64,219,064_elephant_image_0050_compressed.jpg,DEGRADED
300,212,1.4151,8.38,106.11,32.27,1.19,32.27,167,064_elephant_image_0050_moderate_blur.jpg,DEGRADED
300,212,1.4151,3984.19,105.67,37.14,13.48,37.14,237,064_elephant_image_0050_moderate_noise.jpg,DEGRADED
300,212,1.4151,867.26,145.45,47.6,9.02,47.6,236,064_elephant_image_0050_overexposed.jpg,DEGRADED
300,212,1.4151,180.8,65.54,21.64,4.13,21.64,137,064_elephant_image_0050_underexposed.jpg,DEGRADED
300,218,1.3761,1546.97,136.15,61.14,12.66,61.14,254,065_brain_image_0008_compressed.jpg,DEGRADED
300,218,1.3761,174.67,136.09,56.66,5.53,56.66,244,065_brain_image_0008_moderate_blur.jpg,DEGRADED
300,218,1.3761,4995.9,135.72,62.34,17.33,62.34,256,065_brain_image_0008_moderate_noise.jpg,DEGRADED
300,218,1.3761,3694.48,182.12,73.38,18.45,73.38,256,065_brain_image_0008_overexposed.jpg,DEGRADED
300,218,1.3761,578.31,70.84,32.23,7.24,32.23,136,065_brain_image_0008_underexposed.jpg,DEGRADED
266,300,0.8867,632.31,106.02,58.49,7.7,58.49,253,066_cup_image_0054_compressed.jpg,DEGRADED
266,300,0.8867,14.28,105.93,55.75,1.64,55.75,236,066_cup_image_0054_moderate_blur.jpg,DEGRADED
266,300,0.8867,3884.24,105.92,58.92,13.58,58.92,255,066_cup_image_0054_moderate_noise.jpg,DEGRADED
266,300,0.8867,1023.45,157.34,77.75,9.64,77.75,256,066_cup_image_0054_overexposed.jpg,DEGRADED
266,300,0.8867,222.6,64.05,35.63,4.55,35.63,155,066_cup_image_0054_underexposed.jpg,DEGRADED
300,214,1.4019,1967.34,125.63,82.2,13.21,82.2,255,067_helicopter_image_0029_compressed.jpg,DEGRADED
300,214,1.4019,49.72,125.77,78.83,3.08,78.83,240,067_helicopter_image_0029_moderate_blur.jpg,DEGRADED
300,214,1.4019,5246.52,124.55,81.19,17.41,81.19,256,067_helicopter_image_0029_moderate_noise.jpg,DEGRADED
300,214,1.4019,2965.68,160.55,90.62,14.89,90.62,255,067_helicopter_image_0029_overexposed.jpg,DEGRADED
300,214,1.4019,891.21,71.12,47.1,8.26,47.1,151,067_helicopter_image_0029_underexposed.jpg,DEGRADED
300,295,1.0169,1958.66,142.67,81.43,14.48,81.43,237,068_stop_sign_image_0010_compressed.jpg,DEGRADED
300,295,1.0169,126.52,143.5,74.07,5.07,74.07,197,068_stop_sign_image_0010_moderate_blur.jpg,DEGRADED
300,295,1.0169,4122.85,142.73,81.42,17.32,81.42,234,068_stop_sign_image_0010_moderate_noise.jpg,DEGRADED
300,295,1.0169,3691.35,162.72,76.34,16.5,76.34,219,068_stop_sign_image_0010_overexposed.jpg,DEGRADED
300,295,1.0169,895.77,73.11,42.43,8.59,42.43,123,068_stop_sign_image_0010_underexposed.jpg,DEGRADED
182,300,0.6067,1466.19,196.34,80.28,11.74,80.28,250,069_chair_image_0031_compressed.jpg,DEGRADED
182,300,0.6067,46.79,197.07,76.74,3.06,76.74,220,069_chair_image_0031_moderate_blur.jpg,DEGRADED
182,300,0.6067,3273.63,193.39,79.02,14.46,79.02,250,069_chair_image_0031_moderate_noise.jpg,DEGRADED
182,300,0.6067,3007.13,212.11,67.39,14.22,67.39,239,069_chair_image_0031_overexposed.jpg,DEGRADED
182,300,0.6067,851.78,117.3,48.47,7.95,48.47,155,069_chair_image_0031_underexposed.jpg,DEGRADED
258,300,0.86,913.64,116.82,58.2,8.71,58.2,241,070_trilobite_image_0064_compressed.jpg,DEGRADED
258,300,0.86,21.73,116.54,56.49,1.93,56.49,208,070_trilobite_image_0064_moderate_blur.jpg,DEGRADED
258,300,0.86,4217.92,117.27,57.35,13.7,57.35,243,070_trilobite_image_0064_moderate_noise.jpg,DEGRADED
258,300,0.86,3331.44,157.98,79.01,12.96,79.01,251,070_trilobite_image_0064_overexposed.jpg,DEGRADED
258,300,0.86,459.16,56.62,28.61,4.86,28.61,119,070_trilobite_image_0064_underexposed.jpg,DEGRADED
300,170,1.7647,755.91,123.65,67.81,8.9,67.81,255,071_euphonium_image_0032_compressed.jpg,DEGRADED
300,170,1.7647,40.1,123.62,65.08,2.77,65.08,254,071_euphonium_image_0032_moderate_blur.jpg,DEGRADED
300,170,1.7647,3464.92,123.6,67.24,13.88,67.24,256,071_euphonium_image_0032_moderate_noise.jpg,DEGRADED
300,170,1.7647,1363.66,166.04,79.49,10.62,79.49,243,071_euphonium_image_0032_overexposed.jpg,DEGRADED
300,170,1.7647,425.16,76.87,42.64,6.3,42.64,162,071_euphonium_image_0032_underexposed.jpg,DEGRADED
300,289,1.0381,193.45,174.74,51.64,4.65,51.64,235,072_dragonfly_image_0026_compressed.jpg,DEGRADED
300,289,1.0381,10.28,174.68,49.74,1.36,49.74,219,072_dragonfly_image_0026_moderate_blur.jpg,DEGRADED
300,289,1.0381,1616.59,173.95,52.08,8.75,52.08,245,072_dragonfly_image_0026_moderate_noise.jpg,DEGRADED
300,289,1.0381,189.29,223.34,56.58,4.43,56.58,223,072_dragonfly_image_0026_overexposed.jpg,DEGRADED
300,289,1.0381,47.04,84.51,25.14,2.28,25.14,119,072_dragonfly_image_0026_underexposed.jpg,DEGRADED
300,283,1.0601,1623.47,119.84,110.56,11.5,110.56,256,073_binocular_image_0002_compressed.jpg,DEGRADED
300,283,1.0601,67.09,119.9,107.32,3.68,107.32,256,073_binocular_image_0002_moderate_blur.jpg,DEGRADED
300,283,1.0601,2805.76,118.97,108.69,13.32,108.69,256,073_binocular_image_0002_moderate_noise.jpg,DEGRADED
300,283,1.0601,2828.43,132.77,110.57,14.62,110.57,256,073_binocular_image_0002_overexposed.jpg,DEGRADED
300,283,1.0601,824.26,74.26,69.1,7.68,69.1,166,073_binocular_image_0002_underexposed.jpg,DEGRADED
300,230,1.3043,748.57,133.79,64.33,9.0,64.33,229,074_cannon_image_0012_compressed.jpg,DEGRADED
300,230,1.3043,25.51,133.84,60.36,2.23,60.36,214,074_cannon_image_0012_moderate_blur.jpg,DEGRADED
300,230,1.3043,2499.06,132.99,64.69,12.57,64.69,241,074_cannon_image_0012_moderate_noise.jpg,DEGRADED
300,230,1.3043,1522.73,188.12,63.45,11.83,63.45,210,074_cannon_image_0012_overexposed.jpg,DEGRADED
300,230,1.3043,226.66,62.79,30.57,4.74,30.57,110,074_cannon_image_0012_underexposed.jpg,DEGRADED
300,275,1.0909,10584.95,84.65,61.26,25.4,61.26,256,075_bonsai_image_0030_compressed.jpg,DEGRADED
300,275,1.0909,223.01,84.41,52.58,5.88,52.58,249,075_bonsai_image_0030_moderate_blur.jpg,DEGRADED
300,275,1.0909,13298.2,84.35,61.82,26.76,61.82,256,075_bonsai_image_0030_moderate_noise.jpg,DEGRADED
300,275,1.0909,17537.01,126.19,77.98,31.22,77.98,255,075_bonsai_image_0030_overexposed.jpg,DEGRADED
300,275,1.0909,4364.84,51.29,37.82,15.69,37.82,164,075_bonsai_image_0030_underexposed.jpg,DEGRADED
300,163,1.8405,154.93,139.52,18.52,4.05,18.52,178,076_ceiling_fan_image_0010_compressed.jpg,DEGRADED
300,163,1.8405,7.15,138.78,16.45,1.14,16.45,154,076_ceiling_fan_image_0010_moderate_blur.jpg,DEGRADED
300,163,1.8405,1923.2,138.19,20.7,9.3,20.7,200,076_ceiling_fan_image_0010_moderate_noise.jpg,DEGRADED
300,163,1.8405,311.38,188.58,23.44,5.34,23.44,179,076_ceiling_fan_image_0010_overexposed.jpg,DEGRADED
300,163,1.8405,45.96,65.46,8.83,2.09,8.83,88,076_ceiling_fan_image_0010_underexposed.jpg,DEGRADED
300,268,1.1194,3174.3,138.98,59.88,15.26,59.88,251,077_brontosaurus_image_0043_compressed.jpg,DEGRADED
300,268,1.1194,108.46,138.96,56.14,4.11,56.14,210,077_brontosaurus_image_0043_moderate_blur.jpg,DEGRADED
300,268,1.1194,6410.43,138.44,61.0,18.96,61.0,253,077_brontosaurus_image_0043_moderate_noise.jpg,DEGRADED
300,268,1.1194,8921.15,198.76,70.05,23.13,70.05,252,077_brontosaurus_image_0043_overexposed.jpg,DEGRADED
300,268,1.1194,1496.11,73.27,32.2,9.47,32.2,136,077_brontosaurus_image_0043_underexposed.jpg,DEGRADED
300,272,1.1029,125.76,71.91,48.61,3.71,48.61,239,078_flamingo_head_image_0041_compressed.jpg,DEGRADED
300,272,1.1029,20.7,71.85,47.94,1.86,47.94,231,078_flamingo_head_image_0041_moderate_blur.jpg,DEGRADED
300,272,1.1029,2244.16,71.66,49.42,9.87,49.42,249,078_flamingo_head_image_0041_moderate_noise.jpg,DEGRADED
300,272,1.1029,243.03,103.15,66.97,5.01,66.97,251,078_flamingo_head_image_0041_overexposed.jpg,DEGRADED
300,272,1.1029,54.61,43.02,29.48,2.39,29.48,147,078_flamingo_head_image_0041_underexposed.jpg,DEGRADED
300,159,1.8868,892.06,92.7,37.42,8.58,37.42,244,079_dolphin_image_0012_compressed.jpg,DEGRADED
300,159,1.8868,17.18,92.7,34.63,1.7,34.63,218,079_dolphin_image_0012_moderate_blur.jpg,DEGRADED
300,159,1.8868,2795.8,92.2,38.44,12.18,38.44,254,079_dolphin_image_0012_moderate_noise.jpg,DEGRADED
300,159,1.8868,3002.78,140.12,52.14,13.86,52.14,255,079_dolphin_image_0012_overexposed.jpg,DEGRADED
300,159,1.8868,742.92,63.74,26.16,6.92,26.16,174,079_dolphin_image_0012_underexposed.jpg,DEGRADED
300,229,1.31,193.03,121.09,30.59,4.45,30.59,185,080_llama_image_0033_compressed.jpg,DEGRADED
300,229,1.31,22.2,121.11,29.54,1.91,29.54,157,080_llama_image_0033_moderate_blur.jpg,DEGRADED
300,229,1.31,2358.5,120.59,32.28,10.36,32.28,203,080_llama_image_0033_moderate_noise.jpg,DEGRADED
300,229,1.31,484.35,191.44,38.71,6.39,38.71,142,080_llama_image_0033_overexposed.jpg,DEGRADED
300,229,1.31,68.5,57.58,14.7,2.49,14.7,92,080_llama_image_0033_underexposed.jpg,DEGRADED
267,300,0.89,2689.11,155.76,89.45,12.25,89.45,254,001_Faces_easy_image_0016_extreme_bright.jpg,DEFECTIVE
267,300,0.89,143.05,16.09,13.95,2.91,13.95,49,001_Faces_easy_image_0016_extreme_dark.jpg,DEFECTIVE
267,300,0.89,1038.51,96.01,79.55,9.61,79.55,256,001_Faces_easy_image_0016_heavy_compression.jpg,DEFECTIVE
267,300,0.89,1278.94,29.32,22.22,7.05,22.22,82,001_Faces_easy_image_0016_multiple_defects.jpg,DEFECTIVE
267,300,0.89,2.41,96.18,73.39,0.47,73.39,244,001_Faces_easy_image_0016_severe_blur.jpg,DEFECTIVE
267,300,0.89,19576.82,99.14,76.95,29.04,76.95,256,001_Faces_easy_image_0016_severe_noise.jpg,DEFECTIVE
300,249,1.2048,1353.39,239.12,38.6,10.18,38.6,248,002_crayfish_image_0058_extreme_bright.jpg,DEFECTIVE
300,249,1.2048,22.77,27.52,8.93,1.42,8.93,41,002_crayfish_image_0058_extreme_dark.jpg,DEFECTIVE
300,249,1.2048,525.34,184.73,58.36,7.26,58.36,250,002_crayfish_image_0058_heavy_compression.jpg,DEFECTIVE
300,249,1.2048,1356.95,53.36,17.3,7.25,17.3,84,002_crayfish_image_0058_multiple_defects.jpg,DEFECTIVE
300,249,1.2048,2.02,184.97,54.24,0.4,54.24,217,002_crayfish_image_0058_severe_blur.jpg,DEFECTIVE
300,249,1.2048,17235.86,177.6,59.64,26.72,59.64,255,002_crayfish_image_0058_severe_noise.jpg,DEFECTIVE
300,256,1.1719,2742.59,215.81,86.4,12.45,86.4,256,003_ant_image_0006_extreme_bright.jpg,DEFECTIVE
300,256,1.1719,127.42,41.06,18.72,2.84,18.72,59,003_ant_image_0006_extreme_dark.jpg,DEFECTIVE
300,256,1.1719,978.57,195.41,87.37,9.64,87.37,256,003_ant_image_0006_heavy_compression.jpg,DEFECTIVE
300,256,1.1719,960.77,56.42,22.63,6.1,22.63,85,003_ant_image_0006_multiple_defects.jpg,DEFECTIVE
300,256,1.1719,7.79,197.65,84.67,1.2,84.67,256,003_ant_image_0006_severe_blur.jpg,DEFECTIVE
300,256,1.1719,9279.37,189.21,81.04,20.6,81.04,256,003_ant_image_0006_severe_noise.jpg,DEFECTIVE
199,300,0.6633,1003.71,168.34,28.38,8.47,28.38,206,004_scissors_image_0015_extreme_bright.jpg,DEFECTIVE
199,300,0.6633,29.1,15.42,3.8,1.5,3.8,41,004_scissors_image_0015_extreme_dark.jpg,DEFECTIVE
199,300,0.6633,513.12,109.08,24.94,7.38,24.94,246,004_scissors_image_0015_heavy_compression.jpg,DEFECTIVE
199,300,0.6633,1275.99,32.14,8.83,7.02,8.83,72,004_scissors_image_0015_multiple_defects.jpg,DEFECTIVE
199,300,0.6633,4.59,109.42,16.08,0.85,16.08,169,004_scissors_image_0015_severe_blur.jpg,DEFECTIVE
199,300,0.6633,18271.12,109.06,37.26,27.45,37.26,252,004_scissors_image_0015_severe_noise.jpg,DEFECTIVE
225,300,0.75,1958.98,166.06,91.12,11.92,91.12,256,005_water_lilly_image_0008_extreme_bright.jpg,DEFECTIVE
225,300,0.75,33.8,20.44,17.28,1.77,17.28,60,005_water_lilly_image_0008_extreme_dark.jpg,DEFECTIVE
225,300,0.75,497.77,92.69,76.72,7.09,76.72,256,005_water_lilly_image_0008_heavy_compression.jpg,DEFECTIVE
225,300,0.75,1315.62,28.3,21.14,7.16,21.14,82,005_water_lilly_image_0008_multiple_defects.jpg,DEFECTIVE
225,300,0.75,3.94,92.83,71.33,0.75,71.33,248,005_water_lilly_image_0008_severe_blur.jpg,DEFECTIVE
225,300,0.75,21178.19,97.61,73.72,29.43,73.72,256,005_water_lilly_image_0008_severe_noise.jpg,DEFECTIVE
188,300,0.6267,7102.65,168.95,97.34,20.06,97.34,256,006_metronome_image_0005_extreme_bright.jpg,DEFECTIVE
188,300,0.6267,141.74,24.11,17.35,2.87,17.35,52,006_metronome_image_0005_extreme_dark.jpg,DEFECTIVE
188,300,0.6267,807.53,127.6,88.76,8.97,88.76,256,006_metronome_image_0005_heavy_compression.jpg,DEFECTIVE
188,300,0.6267,1326.75,36.8,23.27,7.2,23.27,83,006_metronome_image_0005_multiple_defects.jpg,DEFECTIVE
188,300,0.6267,4.67,124.19,79.73,0.87,79.73,221,006_metronome_image_0005_severe_blur.jpg,DEFECTIVE
188,300,0.6267,18737.92,125.05,82.04,28.09,82.04,256,006_metronome_image_0005_severe_noise.jpg,DEFECTIVE
204,300,0.68,4087.17,245.47,29.24,14.72,29.24,240,007_windsor_chair_image_0009_extreme_bright.jpg,DEFECTIVE
204,300,0.68,164.99,40.06,11.62,3.49,11.62,54,007_windsor_chair_image_0009_extreme_dark.jpg,DEFECTIVE
204,300,0.68,2613.5,206.34,59.48,15.39,59.48,256,007_windsor_chair_image_0009_heavy_compression.jpg,DEFECTIVE
204,300,0.68,1277.87,59.37,13.62,7.04,13.62,82,007_windsor_chair_image_0009_multiple_defects.jpg,DEFECTIVE
204,300,0.68,2.59,206.37,37.54,0.56,37.54,180,007_windsor_chair_image_0009_severe_blur.jpg,DEFECTIVE
204,300,0.68,15665.31,196.77,58.75,27.21,58.75,256,007_windsor_chair_image_0009_severe_noise.jpg,DEFECTIVE
300,195,1.5385,6073.74,186.14,45.04,17.77,45.04,253,008_crocodile_image_0017_extreme_bright.jpg,DEFECTIVE
300,195,1.5385,202.23,16.57,7.01,3.27,7.01,51,008_crocodile_image_0017_extreme_dark.jpg,DEFECTIVE
300,195,1.5385,1531.84,89.27,34.22,11.55,34.22,250,008_crocodile_image_0017_heavy_compression.jpg,DEFECTIVE
300,195,1.5385,1597.3,26.67,11.41,7.92,11.41,73,008_crocodile_image_0017_multiple_defects.jpg,DEFECTIVE
300,195,1.5385,1.92,89.15,23.6,0.38,23.6,149,008_crocodile_image_0017_severe_blur.jpg,DEFECTIVE
300,195,1.5385,19314.91,90.32,43.66,28.67,43.66,253,008_crocodile_image_0017_severe_noise.jpg,DEFECTIVE
300,271,1.107,4336.78,210.55,63.05,17.36,63.05,255,009_laptop_image_0027_extreme_bright.jpg,DEFECTIVE
300,271,1.107,54.0,21.99,11.17,1.91,11.17,42,009_laptop_image_0027_extreme_dark.jpg,DEFECTIVE
300,271,1.107,688.89,152.23,74.48,8.28,74.48,256,009_laptop_image_0027_heavy_compression.jpg,DEFECTIVE
300,271,1.107,1411.17,44.2,21.1,7.42,21.1,83,009_laptop_image_0027_multiple_defects.jpg,DEFECTIVE
300,271,1.107,3.39,152.0,69.84,0.66,69.84,213,009_laptop_image_0027_severe_blur.jpg,DEFECTIVE
300,271,1.107,21523.61,147.8,73.28,29.97,73.28,256,009_laptop_image_0027_severe_noise.jpg,DEFECTIVE
300,210,1.4286,47908.96,102.94,76.45,46.3,76.45,256,010_mandolin_image_0025_extreme_bright.jpg,DEFECTIVE
300,210,1.4286,88.31,3.84,4.01,2.17,4.01,25,010_mandolin_image_0025_extreme_dark.jpg,DEFECTIVE
300,210,1.4286,3914.97,49.38,40.41,17.06,40.41,251,010_mandolin_image_0025_heavy_compression.jpg,DEFECTIVE
300,210,1.4286,1252.89,15.75,11.25,6.99,11.25,73,010_mandolin_image_0025_multiple_defects.jpg,DEFECTIVE
300,210,1.4286,1.81,49.07,28.93,0.35,28.93,162,010_mandolin_image_0025_severe_blur.jpg,DEFECTIVE
300,210,1.4286,22906.21,55.52,47.21,31.61,47.21,254,010_mandolin_image_0025_severe_noise.jpg,DEFECTIVE
277,300,0.9233,2034.46,153.51,82.68,13.05,82.68,255,011_lamp_image_0034_extreme_bright.jpg,DEFECTIVE
277,300,0.9233,34.68,19.36,15.85,1.77,15.85,55,011_lamp_image_0034_extreme_dark.jpg,DEFECTIVE
277,300,0.9233,456.9,94.29,75.21,6.9,75.21,256,011_lamp_image_0034_heavy_compression.jpg,DEFECTIVE
277,300,0.9233,1330.5,28.44,21.23,7.19,21.23,83,011_lamp_image_0034_multiple_defects.jpg,DEFECTIVE
277,300,0.9233,2.61,94.22,68.42,0.52,68.42,232,011_lamp_image_0034_severe_blur.jpg,DEFECTIVE
277,300,0.9233,17990.81,97.2,73.68,27.32,73.68,256,011_lamp_image_0034_severe_noise.jpg,DEFECTIVE
291,300,0.97,129.5,248.93,21.07,3.09,21.07,155,012_soccer_ball_image_0056_extreme_bright.jpg,DEFECTIVE
291,300,0.97,3.16,18.74,5.15,0.51,5.15,25,012_soccer_ball_image_0056_extreme_dark.jpg,DEFECTIVE
291,300,0.97,111.01,195.38,52.05,3.48,52.05,228,012_soccer_ball_image_0056_heavy_compression.jpg,DEFECTIVE
291,300,0.97,1310.28,56.52,15.88,7.13,15.88,83,012_soccer_ball_image_0056_multiple_defects.jpg,DEFECTIVE
291,300,0.97,3.25,195.14,50.13,0.64,50.13,199,012_soccer_ball_image_0056_severe_blur.jpg,DEFECTIVE
291,300,0.97,14308.88,188.86,55.02,23.92,55.02,255,012_soccer_ball_image_0056_severe_noise.jpg,DEFECTIVE
205,300,0.6833,19879.8,171.95,74.15,28.42,74.15,255,013_panda_image_0030_extreme_bright.jpg,DEFECTIVE
205,300,0.6833,297.4,15.05,9.1,3.43,9.1,45,013_panda_image_0030_extreme_dark.jpg,DEFECTIVE
205,300,0.6833,988.15,95.45,52.02,9.72,52.02,253,013_panda_image_0030_heavy_compression.jpg,DEFECTIVE
205,300,0.6833,1570.26,28.35,15.39,7.81,15.39,81,013_panda_image_0030_multiple_defects.jpg,DEFECTIVE
205,300,0.6833,6.6,95.17,46.31,1.05,46.31,212,013_panda_image_0030_severe_blur.jpg,DEFECTIVE
205,300,0.6833,25355.49,97.13,59.19,31.85,59.19,255,013_panda_image_0030_severe_noise.jpg,DEFECTIVE
280,300,0.9333,6601.73,99.9,95.57,21.06,95.57,256,014_barrel_image_0009_extreme_bright.jpg,DEFECTIVE
280,300,0.9333,106.03,8.75,10.24,2.79,10.24,58,014_barrel_image_0009_extreme_dark.jpg,DEFECTIVE
280,300,0.9333,1328.5,41.63,47.01,10.88,47.01,256,014_barrel_image_0009_heavy_compression.jpg,DEFECTIVE
280,300,0.9333,1092.11,14.7,12.44,6.53,12.44,73,014_barrel_image_0009_multiple_defects.jpg,DEFECTIVE
280,300,0.9333,4.19,41.59,41.76,0.82,41.76,213,014_barrel_image_0009_severe_blur.jpg,DEFECTIVE
280,300,0.9333,16371.25,52.86,47.75,26.57,47.75,255,014_barrel_image_0009_severe_noise.jpg,DEFECTIVE
292,300,0.9733,4371.5,198.65,57.64,16.73,57.64,252,015_sunflower_image_0033_extreme_bright.jpg,DEFECTIVE
292,300,0.9733,73.86,12.23,6.39,2.16,6.39,35,015_sunflower_image_0033_extreme_dark.jpg,DEFECTIVE
292,300,0.9733,1406.5,109.37,52.86,11.2,52.86,256,015_sunflower_image_0033_heavy_compression.jpg,DEFECTIVE
292,300,0.9733,1566.12,32.65,15.62,7.82,15.62,80,015_sunflower_image_0033_multiple_defects.jpg,DEFECTIVE
292,300,0.9733,2.39,109.81,43.37,0.48,43.37,193,015_sunflower_image_0033_severe_blur.jpg,DEFECTIVE
292,300,0.9733,18176.99,110.45,57.91,28.47,57.91,255,015_sunflower_image_0033_severe_noise.jpg,DEFECTIVE
300,225,1.3333,1169.55,133.45,64.75,10.37,64.75,252,016_pizza_image_0009_extreme_bright.jpg,DEFECTIVE
300,225,1.3333,10.02,6.5,3.71,0.91,3.71,32,016_pizza_image_0009_extreme_dark.jpg,DEFECTIVE
300,225,1.3333,200.62,58.74,30.82,4.54,30.82,227,016_pizza_image_0009_heavy_compression.jpg,DEFECTIVE
300,225,1.3333,1323.63,18.29,10.7,7.2,10.7,68,016_pizza_image_0009_multiple_defects.jpg,DEFECTIVE
300,225,1.3333,2.36,58.82,27.22,0.48,27.22,138,016_pizza_image_0009_severe_blur.jpg,DEFECTIVE
300,225,1.3333,10552.22,61.34,36.19,20.84,36.19,243,016_pizza_image_0009_severe_noise.jpg,DEFECTIVE
300,188,1.5957,324.96,243.09,29.52,4.99,29.52,138,017_scorpion_image_0044_extreme_bright.jpg,DEFECTIVE
300,188,1.5957,16.54,47.23,12.55,1.29,12.55,46,017_scorpion_image_0044_extreme_dark.jpg,DEFECTIVE
300,188,1.5957,266.14,211.07,55.08,5.22,55.08,217,017_scorpion_image_0044_heavy_compression.jpg,DEFECTIVE
300,188,1.5957,1158.18,60.19,15.77,6.69,15.77,84,017_scorpion_image_0044_multiple_defects.jpg,DEFECTIVE
300,188,1.5957,4.43,210.93,52.13,0.83,52.13,179,017_scorpion_image_0044_severe_blur.jpg,DEFECTIVE
300,188,1.5957,16318.66,197.84,56.04,25.7,56.04,253,017_scorpion_image_0044_severe_noise.jpg,DEFECTIVE
300,232,1.2931,3177.32,242.0,44.79,13.95,44.79,256,018_tick_image_0005_extreme_bright.jpg,DEFECTIVE
300,232,1.2931,61.78,44.21,13.69,2.15,13.69,57,018_tick_image_0005_extreme_dark.jpg,DEFECTIVE
300,232,1.2931,509.65,210.18,63.91,7.19,63.91,256,018_tick_image_0005_heavy_compression.jpg,DEFECTIVE
300,232,1.2931,1108.83,59.83,17.21,6.53,17.21,84,018_tick_image_0005_multiple_defects.jpg,DEFECTIVE
300,232,1.2931,2.27,209.69,55.22,0.49,55.22,240,018_tick_image_0005_severe_blur.jpg,DEFECTIVE
300,232,1.2931,11799.54,199.94,62.06,22.5,62.06,256,018_tick_image_0005_severe_noise.jpg,DEFECTIVE
300,253,1.1858,249.1,224.6,75.4,4.84,75.4,256,019_butterfly_image_0009_extreme_bright.jpg,DEFECTIVE
300,253,1.1858,5.51,50.65,20.43,0.78,20.43,66,019_butterfly_image_0009_extreme_dark.jpg,DEFECTIVE
300,253,1.1858,97.27,205.13,81.46,3.21,81.46,256,019_butterfly_image_0009_heavy_compression.jpg,DEFECTIVE
300,253,1.1858,919.22,58.51,21.9,5.96,21.9,85,019_butterfly_image_0009_multiple_defects.jpg,DEFECTIVE
300,253,1.1858,3.71,207.47,80.87,0.8,80.87,256,019_butterfly_image_0009_severe_blur.jpg,DEFECTIVE
300,253,1.1858,10836.83,194.34,74.13,20.79,74.13,256,019_butterfly_image_0009_severe_noise.jpg,DEFECTIVE
219,300,0.73,26324.04,226.06,43.12,31.98,43.12,255,020_flamingo_image_0044_extreme_bright.jpg,DEFECTIVE
219,300,0.73,439.64,12.44,6.47,3.93,6.47,39,020_flamingo_image_0044_extreme_dark.jpg,DEFECTIVE
219,300,0.73,2131.37,105.47,43.58,12.39,43.58,256,020_flamingo_image_0044_heavy_compression.jpg,DEFECTIVE
219,300,0.73,1688.33,31.12,13.53,8.09,13.53,80,020_flamingo_image_0044_multiple_defects.jpg,DEFECTIVE
219,300,0.73,5.72,105.47,36.35,0.95,36.35,189,020_flamingo_image_0044_severe_blur.jpg,DEFECTIVE
219,300,0.73,27306.0,105.21,53.16,32.68,53.16,255,020_flamingo_image_0044_severe_noise.jpg,DEFECTIVE
260,300,0.8667,3106.27,236.85,45.36,14.21,45.36,249,021_saxophone_image_0011_extreme_bright.jpg,DEFECTIVE
260,300,0.8667,74.81,46.38,15.76,2.41,15.76,63,021_saxophone_image_0011_extreme_dark.jpg,DEFECTIVE
260,300,0.8667,953.43,209.89,70.32,9.4,70.32,256,021_saxophone_image_0011_heavy_compression.jpg,DEFECTIVE
260,300,0.8667,1071.91,59.18,17.99,6.44,17.99,84,021_saxophone_image_0011_multiple_defects.jpg,DEFECTIVE
260,300,0.8667,7.73,209.49,64.17,1.22,64.17,219,021_saxophone_image_0011_severe_blur.jpg,DEFECTIVE
260,300,0.8667,15876.3,194.16,65.77,25.94,65.77,255,021_saxophone_image_0011_severe_noise.jpg,DEFECTIVE
300,225,1.3333,5110.63,196.33,69.69,17.85,69.69,256,022_electric_guitar_image_0052_extreme_bright.jpg,DEFECTIVE
300,225,1.3333,102.62,26.98,15.25,2.54,15.25,55,022_electric_guitar_image_0052_extreme_dark.jpg,DEFECTIVE
300,225,1.3333,1046.84,129.44,71.52,9.36,71.52,252,022_electric_guitar_image_0052_heavy_compression.jpg,DEFECTIVE
300,225,1.3333,1471.67,38.08,20.5,7.56,20.5,83,022_electric_guitar_image_0052_multiple_defects.jpg,DEFECTIVE
300,225,1.3333,3.37,128.46,65.5,0.7,65.5,209,022_electric_guitar_image_0052_severe_blur.jpg,DEFECTIVE
300,225,1.3333,23452.07,129.09,71.71,31.01,71.71,256,022_electric_guitar_image_0052_severe_noise.jpg,DEFECTIVE
192,128,1.5,9271.31,180.96,72.53,24.59,72.53,256,023_Leopards_image_0041_extreme_bright.jpg,DEFECTIVE
192,128,1.5,146.31,20.2,10.34,3.22,10.34,54,023_Leopards_image_0041_extreme_dark.jpg,DEFECTIVE
192,128,1.5,1411.79,99.82,48.59,11.8,48.59,249,023_Leopards_image_0041_heavy_compression.jpg,DEFECTIVE
192,128,1.5,1630.85,29.96,14.56,7.94,14.56,75,023_Leopards_image_0041_multiple_defects.jpg,DEFECTIVE
192,128,1.5,2.38,100.58,38.22,0.47,38.22,175,023_Leopards_image_0041_severe_blur.jpg,DEFECTIVE
192,128,1.5,21111.41,101.32,54.66,30.24,54.66,252,023_Leopards_image_0041_severe_noise.jpg,DEFECTIVE
233,300,0.7767,2292.35,170.11,87.85,14.42,87.85,256,024_camera_image_0011_extreme_bright.jpg,DEFECTIVE
233,300,0.7767,37.63,23.36,18.54,1.93,18.54,53,024_camera_image_0011_extreme_dark.jpg,DEFECTIVE
233,300,0.7767,739.42,122.55,94.38,8.77,94.38,256,024_camera_image_0011_heavy_compression.jpg,DEFECTIVE
233,300,0.7767,1224.62,35.78,25.27,6.88,25.27,84,024_camera_image_0011_multiple_defects.jpg,DEFECTIVE
233,300,0.7767,7.18,122.91,90.57,1.13,90.57,247,024_camera_image_0011_severe_blur.jpg,DEFECTIVE
233,300,0.7767,14528.7,120.28,86.95,24.88,86.95,256,024_camera_image_0011_severe_noise.jpg,DEFECTIVE
261,197,1.3249,6289.14,156.05,109.71,21.14,109.71,256,025_Motorbikes_image_0720_extreme_bright.jpg,DEFECTIVE
261,197,1.3249,83.99,21.66,19.48,2.64,19.48,47,025_Motorbikes_image_0720_extreme_dark.jpg,DEFECTIVE
261,197,1.3249,1926.33,131.28,112.72,13.95,112.72,256,025_Motorbikes_image_0720_heavy_compression.jpg,DEFECTIVE
261,197,1.3249,994.66,37.79,28.86,6.19,28.86,85,025_Motorbikes_image_0720_multiple_defects.jpg,DEFECTIVE
261,197,1.3249,2.67,129.58,102.91,0.64,102.91,251,025_Motorbikes_image_0720_severe_blur.jpg,DEFECTIVE
261,197,1.3249,11651.59,127.2,100.41,23.57,100.41,256,025_Motorbikes_image_0720_severe_noise.jpg,DEFECTIVE
300,227,1.3216,6329.94,172.76,75.67,22.27,75.67,256,026_crocodile_head_image_0049_extreme_bright.jpg,DEFECTIVE
300,227,1.3216,108.56,19.06,10.57,3.02,10.57,53,026_crocodile_head_image_0049_extreme_dark.jpg,DEFECTIVE
300,227,1.3216,1380.35,94.35,50.15,11.85,50.15,251,026_crocodile_head_image_0049_heavy_compression.jpg,DEFECTIVE
300,227,1.3216,1589.03,28.2,14.15,7.85,14.15,78,026_crocodile_head_image_0049_multiple_defects.jpg,DEFECTIVE
300,227,1.3216,4.07,94.19,39.81,0.75,39.81,205,026_crocodile_head_image_0049_severe_blur.jpg,DEFECTIVE
300,227,1.3216,16498.45,96.12,54.59,27.41,54.59,255,026_crocodile_head_image_0049_severe_noise.jpg,DEFECTIVE
300,300,1.0,9139.88,241.0,46.77,23.68,46.77,256,027_cougar_face_image_0043_extreme_bright.jpg,DEFECTIVE
300,300,1.0,434.96,39.77,11.49,5.33,11.49,62,027_cougar_face_image_0043_extreme_dark.jpg,DEFECTIVE
300,300,1.0,4211.6,174.85,47.14,18.43,47.14,256,027_cougar_face_image_0043_heavy_compression.jpg,DEFECTIVE
300,300,1.0,1569.49,51.46,12.28,7.84,12.28,85,027_cougar_face_image_0043_multiple_defects.jpg,DEFECTIVE
300,300,1.0,8.86,175.25,33.05,1.25,33.05,225,027_cougar_face_image_0043_severe_blur.jpg,DEFECTIVE
300,300,1.0,29487.58,170.53,55.17,36.47,55.17,256,027_cougar_face_image_0043_severe_noise.jpg,DEFECTIVE
295,300,0.9833,15766.77,238.22,54.24,31.15,54.24,256,028_snoopy_image_0005_extreme_bright.jpg,DEFECTIVE
295,300,0.9833,382.75,43.08,13.3,5.67,13.3,56,028_snoopy_image_0005_extreme_dark.jpg,DEFECTIVE
295,300,0.9833,6987.37,221.95,65.23,25.47,65.23,256,028_snoopy_image_0005_heavy_compression.jpg,DEFECTIVE
295,300,0.9833,1058.55,63.71,12.0,6.41,12.0,85,028_snoopy_image_0005_multiple_defects.jpg,DEFECTIVE
295,300,0.9833,2.62,224.7,34.37,0.58,34.37,211,028_snoopy_image_0005_severe_blur.jpg,DEFECTIVE
295,300,0.9833,16349.09,209.69,62.85,31.54,62.85,256,028_snoopy_image_0005_severe_noise.jpg,DEFECTIVE
300,208,1.4423,2665.9,239.04,45.13,14.25,45.13,252,029_stapler_image_0023_extreme_bright.jpg,DEFECTIVE
300,208,1.4423,42.39,21.08,7.22,1.77,7.22,36,029_stapler_image_0023_extreme_dark.jpg,DEFECTIVE
300,208,1.4423,1563.22,187.26,61.49,12.29,61.49,256,029_stapler_image_0023_heavy_compression.jpg,DEFECTIVE
300,208,1.4423,1381.87,54.26,16.89,7.31,16.89,83,029_stapler_image_0023_multiple_defects.jpg,DEFECTIVE
300,208,1.4423,3.77,187.04,52.92,0.76,52.92,227,029_stapler_image_0023_severe_blur.jpg,DEFECTIVE
300,208,1.4423,13255.34,182.39,62.44,24.57,62.44,256,029_stapler_image_0023_severe_noise.jpg,DEFECTIVE
143,300,0.4767,16101.11,206.95,64.4,31.63,64.4,256,030_garfield_image_0003_extreme_bright.jpg,DEFECTIVE
143,300,0.4767,197.48,20.65,9.62,3.36,9.62,39,030_garfield_image_0003_extreme_dark.jpg,DEFECTIVE
143,300,0.4767,3708.61,154.37,67.96,17.96,67.96,256,030_garfield_image_0003_heavy_compression.jpg,DEFECTIVE
143,300,0.4767,1427.65,45.1,17.03,7.48,17.03,83,030_garfield_image_0003_multiple_defects.jpg,DEFECTIVE
143,300,0.4767,5.79,154.34,53.54,0.97,53.54,229,030_garfield_image_0003_severe_blur.jpg,DEFECTIVE
143,300,0.4767,15250.09,152.25,68.75,28.0,68.75,256,030_garfield_image_0003_severe_noise.jpg,DEFECTIVE
256,300,0.8533,4572.62,154.14,78.35,16.61,78.35,256,031_strawberry_image_0012_extreme_bright.jpg,DEFECTIVE
256,300,0.8533,124.09,22.68,15.14,2.81,15.14,50,031_strawberry_image_0012_extreme_dark.jpg,DEFECTIVE
256,300,0.8533,1374.19,132.84,84.6,11.47,84.6,256,031_strawberry_image_0012_heavy_compression.jpg,DEFECTIVE
256,300,0.8533,1010.18,38.96,21.03,6.29,21.03,84,031_strawberry_image_0012_multiple_defects.jpg,DEFECTIVE
256,300,0.8533,3.38,133.0,71.72,0.67,71.72,235,031_strawberry_image_0012_severe_blur.jpg,DEFECTIVE
256,300,0.8533,14225.71,131.19,75.87,25.11,75.87,256,031_strawberry_image_0012_severe_noise.jpg,DEFECTIVE
300,300,1.0,1312.63,203.49,79.26,9.19,79.26,256,032_umbrella_image_0045_extreme_bright.jpg,DEFECTIVE
300,300,1.0,17.18,17.93,10.04,0.99,10.04,35,032_umbrella_image_0045_extreme_dark.jpg,DEFECTIVE
300,300,1.0,309.54,159.47,85.52,5.5,85.52,256,032_umbrella_image_0045_heavy_compression.jpg,DEFECTIVE
300,300,1.0,1251.56,46.3,24.39,6.96,24.39,84,032_umbrella_image_0045_multiple_defects.jpg,DEFECTIVE
300,300,1.0,3.61,158.79,83.99,0.78,83.99,220,032_umbrella_image_0045_severe_blur.jpg,DEFECTIVE
300,300,1.0,18308.91,154.24,81.65,27.24,81.65,256,032_umbrella_image_0045_severe_noise.jpg,DEFECTIVE
247,300,0.8233,770.16,253.54,9.52,6.09,9.52,176,033_starfish_image_0008_extreme_bright.jpg,DEFECTIVE
247,300,0.8233,128.85,36.71,5.03,2.93,5.03,60,033_starfish_image_0008_extreme_dark.jpg,DEFECTIVE
247,300,0.8233,758.09,151.57,18.22,8.03,18.22,227,033_starfish_image_0008_heavy_compression.jpg,DEFECTIVE
247,300,0.8233,1730.89,44.83,9.75,8.23,9.75,75,033_starfish_image_0008_multiple_defects.jpg,DEFECTIVE
247,300,0.8233,2.61,151.58,11.72,0.52,11.72,123,033_starfish_image_0008_severe_blur.jpg,DEFECTIVE
247,300,0.8233,29098.44,150.02,41.28,34.57,41.28,251,033_starfish_image_0008_severe_noise.jpg,DEFECTIVE
196,300,0.6533,6512.25,167.91,109.88,17.14,109.88,256,034_pagoda_image_0008_extreme_bright.jpg,DEFECTIVE
196,300,0.6533,154.29,15.92,12.78,2.49,12.78,40,034_pagoda_image_0008_extreme_dark.jpg,DEFECTIVE
196,300,0.6533,1169.94,129.95,100.81,10.15,100.81,256,034_pagoda_image_0008_heavy_compression.jpg,DEFECTIVE
196,300,0.6533,1139.31,38.79,26.43,6.64,26.43,84,034_pagoda_image_0008_multiple_defects.jpg,DEFECTIVE
196,300,0.6533,2.99,129.73,92.71,0.59,92.71,256,034_pagoda_image_0008_severe_blur.jpg,DEFECTIVE
196,300,0.6533,18643.49,129.92,91.63,27.83,91.63,256,034_pagoda_image_0008_severe_noise.jpg,DEFECTIVE
238,300,0.7933,5676.68,216.6,46.53,19.38,46.53,250,035_emu_image_0019_extreme_bright.jpg,DEFECTIVE
238,300,0.7933,153.06,24.74,9.59,3.26,9.59,56,035_emu_image_0019_extreme_dark.jpg,DEFECTIVE
238,300,0.7933,764.96,117.17,41.97,8.25,41.97,252,035_emu_image_0019_heavy_compression.jpg,DEFECTIVE
238,300,0.7933,1690.37,34.56,13.72,8.12,13.72,81,035_emu_image_0019_multiple_defects.jpg,DEFECTIVE
238,300,0.7933,3.2,117.27,35.53,0.63,35.53,186,035_emu_image_0019_severe_blur.jpg,DEFECTIVE
238,300,0.7933,18623.62,116.75,51.03,28.81,51.03,256,035_emu_image_0019_severe_noise.jpg,DEFECTIVE
300,205,1.4634,7010.84,172.08,82.08,19.19,82.08,255,036_mayfly_image_0010_extreme_bright.jpg,DEFECTIVE
300,205,1.4634,153.72,11.5,8.85,2.78,8.85,42,036_mayfly_image_0010_extreme_dark.jpg,DEFECTIVE
300,205,1.4634,2039.94,81.32,58.01,12.85,58.01,256,036_mayfly_image_0010_heavy_compression.jpg,DEFECTIVE
300,205,1.4634,1412.24,24.75,16.51,7.41,16.51,80,036_mayfly_image_0010_multiple_defects.jpg,DEFECTIVE
300,205,1.4634,3.38,80.88,51.85,0.66,51.85,198,036_mayfly_image_0010_severe_blur.jpg,DEFECTIVE
300,205,1.4634,21343.15,85.3,61.35,30.22,61.35,255,036_mayfly_image_0010_severe_noise.jpg,DEFECTIVE
300,210,1.4286,19686.74,132.92,80.91,31.27,80.91,256,037_hawksbill_image_0011_extreme_bright.jpg,DEFECTIVE
300,210,1.4286,404.08,10.68,10.5,4.39,10.5,46,037_hawksbill_image_0011_extreme_dark.jpg,DEFECTIVE
300,210,1.4286,5145.78,71.74,64.12,18.87,64.12,256,037_hawksbill_image_0011_heavy_compression.jpg,DEFECTIVE
300,210,1.4286,1251.7,22.66,17.12,6.99,17.12,80,037_hawksbill_image_0011_multiple_defects.jpg,DEFECTIVE
300,210,1.4286,6.05,72.0,56.38,0.99,56.38,233,037_hawksbill_image_0011_severe_blur.jpg,DEFECTIVE
300,210,1.4286,20260.91,75.67,65.84,30.67,65.84,256,037_hawksbill_image_0011_severe_noise.jpg,DEFECTIVE
300,269,1.1152,2415.64,198.1,87.28,12.23,87.28,256,038_anchor_image_0007_extreme_bright.jpg,DEFECTIVE
300,269,1.1152,58.53,24.66,15.57,1.89,15.57,50,038_anchor_image_0007_extreme_dark.jpg,DEFECTIVE
300,269,1.1152,578.28,148.92,92.02,7.44,92.02,256,038_anchor_image_0007_heavy_compression.jpg,DEFECTIVE
300,269,1.1152,1198.07,43.57,24.43,6.83,24.43,84,038_anchor_image_0007_multiple_defects.jpg,DEFECTIVE
300,269,1.1152,3.1,149.46,83.35,0.6,83.35,256,038_anchor_image_0007_severe_blur.jpg,DEFECTIVE
300,269,1.1152,12851.72,146.0,86.02,23.29,86.02,256,038_anchor_image_0007_severe_noise.jpg,DEFECTIVE
300,239,1.2552,14115.5,241.78,46.04,27.33,46.04,256,039_nautilus_image_0006_extreme_bright.jpg,DEFECTIVE
300,239,1.2552,275.1,28.05,8.73,3.99,8.73,41,039_nautilus_image_0006_extreme_dark.jpg,DEFECTIVE
300,239,1.2552,6394.85,214.31,61.61,23.1,61.61,256,039_nautilus_image_0006_heavy_compression.jpg,DEFECTIVE
300,239,1.2552,1153.52,61.88,12.94,6.67,12.94,84,039_nautilus_image_0006_multiple_defects.jpg,DEFECTIVE
300,239,1.2552,13.82,217.39,44.09,1.63,44.09,207,039_nautilus_image_0006_severe_blur.jpg,DEFECTIVE
300,239,1.2552,20824.19,202.52,60.83,32.68,60.83,256,039_nautilus_image_0006_severe_noise.jpg,DEFECTIVE
300,274,1.0949,4517.62,221.11,77.44,17.63,77.44,256,040_pigeon_image_0034_extreme_bright.jpg,DEFECTIVE
300,274,1.0949,29.8,21.54,9.55,1.39,9.55,33,040_pigeon_image_0034_extreme_dark.jpg,DEFECTIVE
300,274,1.0949,595.19,200.31,86.53,7.93,86.53,256,040_pigeon_image_0034_heavy_compression.jpg,DEFECTIVE
300,274,1.0949,919.13,57.17,23.11,5.96,23.11,84,040_pigeon_image_0034_multiple_defects.jpg,DEFECTIVE
300,274,1.0949,1.72,203.36,81.94,0.47,81.94,256,040_pigeon_image_0034_severe_blur.jpg,DEFECTIVE
300,274,1.0949,12021.4,189.81,78.72,22.76,78.72,256,040_pigeon_image_0034_severe_noise.jpg,DEFECTIVE
208,300,0.6933,2185.38,235.66,46.41,12.65,46.41,255,041_gramophone_image_0051_extreme_bright.jpg,DEFECTIVE
208,300,0.6933,50.58,26.06,9.73,1.85,9.73,44,041_gramophone_image_0051_extreme_dark.jpg,DEFECTIVE
208,300,0.6933,810.19,171.41,62.69,8.83,62.69,255,041_gramophone_image_0051_heavy_compression.jpg,DEFECTIVE
208,300,0.6933,1413.19,50.11,18.57,7.43,18.57,83,041_gramophone_image_0051_multiple_defects.jpg,DEFECTIVE
208,300,0.6933,2.11,171.53,57.07,0.42,57.07,219,041_gramophone_image_0051_severe_blur.jpg,DEFECTIVE
208,300,0.6933,14218.68,168.65,64.89,24.7,64.89,256,041_gramophone_image_0051_severe_noise.jpg,DEFECTIVE
300,225,1.3333,767.22,229.78,35.65,7.93,35.65,211,042_chandelier_image_0087_extreme_bright.jpg,DEFECTIVE
300,225,1.3333,24.9,25.28,10.68,1.5,10.68,55,042_chandelier_image_0087_extreme_dark.jpg,DEFECTIVE
300,225,1.3333,304.25,117.55,48.06,5.47,48.06,241,042_chandelier_image_0087_heavy_compression.jpg,DEFECTIVE
300,225,1.3333,1626.8,34.67,15.57,7.99,15.57,81,042_chandelier_image_0087_multiple_defects.jpg,DEFECTIVE
300,225,1.3333,2.32,117.51,41.61,0.45,41.61,177,042_chandelier_image_0087_severe_blur.jpg,DEFECTIVE
300,225,1.3333,15803.73,117.17,54.21,25.44,54.21,255,042_chandelier_image_0087_severe_noise.jpg,DEFECTIVE
300,198,1.5152,6140.19,220.73,67.95,18.81,67.95,256,043_cougar_body_image_0042_extreme_bright.jpg,DEFECTIVE
300,198,1.5152,113.98,35.53,16.42,2.74,16.42,62,043_cougar_body_image_0042_extreme_dark.jpg,DEFECTIVE
300,198,1.5152,781.08,156.58,70.61,8.86,70.61,256,043_cougar_body_image_0042_heavy_compression.jpg,DEFECTIVE
300,198,1.5152,1455.83,45.8,20.07,7.55,20.07,83,043_cougar_body_image_0042_multiple_defects.jpg,DEFECTIVE
300,198,1.5152,6.54,156.31,66.49,1.03,66.49,247,043_cougar_body_image_0042_severe_blur.jpg,DEFECTIVE
300,198,1.5152,16858.54,154.13,70.69,26.69,70.69,256,043_cougar_body_image_0042_severe_noise.jpg,DEFECTIVE
191,300,0.6367,5220.57,76.33,108.5,21.46,108.5,256,044_menorah_image_0013_extreme_bright.jpg,DEFECTIVE
191,300,0.6367,47.42,6.31,10.31,2.08,10.31,36,044_menorah_image_0013_extreme_dark.jpg,DEFECTIVE
191,300,0.6367,2247.55,56.35,87.87,15.65,87.87,256,044_menorah_image_0013_heavy_compression.jpg,DEFECTIVE
191,300,0.6367,1127.41,19.05,17.48,6.65,17.48,79,044_menorah_image_0013_multiple_defects.jpg,DEFECTIVE
191,300,0.6367,35.7,55.95,68.29,2.83,68.29,229,044_menorah_image_0013_severe_blur.jpg,DEFECTIVE
191,300,0.6367,13677.87,67.64,78.78,25.87,78.78,256,044_menorah_image_0013_severe_noise.jpg,DEFECTIVE
185,300,0.6167,1270.05,243.3,28.1,8.78,28.1,209,045_octopus_image_0011_extreme_bright.jpg,DEFECTIVE
185,300,0.6167,56.83,38.07,9.92,2.07,9.92,53,045_octopus_image_0011_extreme_dark.jpg,DEFECTIVE
185,300,0.6167,435.88,156.61,40.06,6.66,40.06,235,045_octopus_image_0011_heavy_compression.jpg,DEFECTIVE
185,300,0.6167,1693.28,46.05,13.36,8.09,13.36,80,045_octopus_image_0011_multiple_defects.jpg,DEFECTIVE
185,300,0.6167,2.81,155.96,33.7,0.6,33.7,164,045_octopus_image_0011_severe_blur.jpg,DEFECTIVE
185,300,0.6167,22251.04,154.47,50.37,30.18,50.37,255,045_octopus_image_0011_severe_noise.jpg,DEFECTIVE
300,193,1.5544,2562.82,248.4,28.81,12.06,28.81,256,046_beaver_image_0038_extreme_bright.jpg,DEFECTIVE
300,193,1.5544,60.18,34.41,9.3,1.87,9.3,47,046_beaver_image_0038_extreme_dark.jpg,DEFECTIVE
300,193,1.5544,529.67,218.87,58.05,7.12,58.05,256,046_beaver_image_0038_heavy_compression.jpg,DEFECTIVE
300,193,1.5544,1028.38,61.63,15.38,6.32,15.38,83,046_beaver_image_0038_multiple_defects.jpg,DEFECTIVE
300,193,1.5544,4.68,219.08,54.15,0.92,54.15,220,046_beaver_image_0038_severe_blur.jpg,DEFECTIVE
300,193,1.5544,14136.08,203.64,55.48,24.33,55.48,256,046_beaver_image_0038_severe_noise.jpg,DEFECTIVE
300,197,1.5228,2118.66,217.51,56.38,13.01,56.38,255,047_car_side_image_0047_extreme_bright.jpg,DEFECTIVE
300,197,1.5228,29.91,14.85,6.73,1.53,6.73,37,047_car_side_image_0047_extreme_dark.jpg,DEFECTIVE
300,197,1.5228,633.99,119.45,51.66,8.33,51.66,256,047_car_side_image_0047_heavy_compression.jpg,DEFECTIVE
300,197,1.5228,1634.89,35.25,15.1,8.01,15.1,82,047_car_side_image_0047_multiple_defects.jpg,DEFECTIVE
300,197,1.5228,4.28,119.38,42.38,0.8,42.38,238,047_car_side_image_0047_severe_blur.jpg,DEFECTIVE
300,197,1.5228,12473.88,118.72,55.17,23.43,55.17,256,047_car_side_image_0047_severe_noise.jpg,DEFECTIVE
300,176,1.7045,3860.84,82.72,101.47,15.81,101.47,256,048_watch_image_0184_extreme_bright.jpg,DEFECTIVE
300,176,1.7045,75.34,6.69,10.0,2.18,10.0,43,048_watch_image_0184_extreme_dark.jpg,DEFECTIVE
300,176,1.7045,1123.65,47.18,66.7,10.22,66.7,256,048_watch_image_0184_heavy_compression.jpg,DEFECTIVE
300,176,1.7045,1016.81,16.72,17.32,6.32,17.32,79,048_watch_image_0184_multiple_defects.jpg,DEFECTIVE
300,176,1.7045,7.5,46.75,61.56,1.17,61.56,239,048_watch_image_0184_severe_blur.jpg,DEFECTIVE
300,176,1.7045,8999.93,54.57,64.38,20.61,64.38,255,048_watch_image_0184_severe_noise.jpg,DEFECTIVE
300,188,1.5957,11325.82,228.36,49.9,24.5,49.9,252,049_stegosaurus_image_0002_extreme_bright.jpg,DEFECTIVE
300,188,1.5957,22.5,11.36,4.57,1.28,4.57,25,049_stegosaurus_image_0002_extreme_dark.jpg,DEFECTIVE
300,188,1.5957,1584.11,146.1,54.38,11.66,54.38,250,049_stegosaurus_image_0002_heavy_compression.jpg,DEFECTIVE
300,188,1.5957,1599.71,43.01,16.23,7.91,16.23,83,049_stegosaurus_image_0002_multiple_defects.jpg,DEFECTIVE
300,188,1.5957,2.35,146.13,45.28,0.47,45.28,182,049_stegosaurus_image_0002_severe_blur.jpg,DEFECTIVE
300,188,1.5957,19938.0,145.09,59.93,29.47,59.93,254,049_stegosaurus_image_0002_severe_noise.jpg,DEFECTIVE
398,168,2.369,659.8,241.18,37.21,7.18,37.21,197,050_airplanes_image_0644_extreme_bright.jpg,DEFECTIVE
398,168,2.369,17.25,22.64,6.68,1.22,6.68,40,050_airplanes_image_0644_extreme_dark.jpg,DEFECTIVE
398,168,2.369,427.92,150.84,42.32,6.65,42.32,248,050_airplanes_image_0644_heavy_compression.jpg,DEFECTIVE
398,168,2.369,1621.45,44.12,13.49,7.97,13.49,83,050_airplanes_image_0644_multiple_defects.jpg,DEFECTIVE
398,168,2.369,1.99,150.42,37.44,0.52,37.44,209,050_airplanes_image_0644_severe_blur.jpg,DEFECTIVE
398,168,2.369,14035.3,148.6,46.85,24.11,46.85,255,050_airplanes_image_0644_severe_noise.jpg,DEFECTIVE
152,140,1.0857,28072.57,183.78,86.05,27.24,86.05,255,051_BACKGROUND_Google_image_0360_extreme_bright.jpg,DEFECTIVE
152,140,1.0857,232.54,23.98,14.82,2.94,14.82,37,051_BACKGROUND_Google_image_0360_extreme_dark.jpg,DEFECTIVE
152,140,1.0857,4358.86,165.46,99.39,13.4,99.39,254,051_BACKGROUND_Google_image_0360_heavy_compression.jpg,DEFECTIVE
152,140,1.0857,960.39,47.44,25.28,6.09,25.28,83,051_BACKGROUND_Google_image_0360_multiple_defects.jpg,DEFECTIVE
152,140,1.0857,2.88,165.09,89.93,0.62,89.93,233,051_BACKGROUND_Google_image_0360_severe_blur.jpg,DEFECTIVE
152,140,1.0857,11830.09,160.59,91.87,21.65,91.87,243,051_BACKGROUND_Google_image_0360_severe_noise.jpg,DEFECTIVE
300,242,1.2397,153.71,253.3,8.68,3.51,8.68,162,052_platypus_image_0017_extreme_bright.jpg,DEFECTIVE
300,242,1.2397,13.71,17.11,2.5,1.07,2.5,32,052_platypus_image_0017_extreme_dark.jpg,DEFECTIVE
300,242,1.2397,247.73,130.07,17.26,4.97,17.26,199,052_platypus_image_0017_heavy_compression.jpg,DEFECTIVE
300,242,1.2397,1744.78,38.31,9.83,8.25,9.83,75,052_platypus_image_0017_multiple_defects.jpg,DEFECTIVE
300,242,1.2397,2.21,129.93,11.8,0.44,11.8,116,052_platypus_image_0017_severe_blur.jpg,DEFECTIVE
300,242,1.2397,14993.42,129.42,32.15,24.79,32.15,236,052_platypus_image_0017_severe_noise.jpg,DEFECTIVE
550,363,1.5152,1656.95,236.84,40.2,11.35,40.2,255,053_Faces_image_0245_extreme_bright.jpg,DEFECTIVE
550,363,1.5152,33.06,17.56,6.23,1.56,6.23,39,053_Faces_image_0245_extreme_dark.jpg,DEFECTIVE
550,363,1.5152,535.85,129.67,44.34,7.27,44.34,256,053_Faces_image_0245_heavy_compression.jpg,DEFECTIVE
550,363,1.5152,1670.06,38.17,14.39,8.07,14.39,82,053_Faces_image_0245_multiple_defects.jpg,DEFECTIVE
550,363,1.5152,4.02,129.4,39.84,0.77,39.84,231,053_Faces_image_0245_severe_blur.jpg,DEFECTIVE
550,363,1.5152,28317.42,128.54,54.48,34.13,54.48,256,053_Faces_image_0245_severe_noise.jpg,DEFECTIVE
300,225,1.3333,1803.25,117.91,97.34,12.8,97.34,256,054_wild_cat_image_0014_extreme_bright.jpg,DEFECTIVE
300,225,1.3333,29.26,10.56,10.47,1.64,10.47,48,054_wild_cat_image_0014_extreme_dark.jpg,DEFECTIVE
300,225,1.3333,642.27,63.02,59.41,8.23,59.41,256,054_wild_cat_image_0014_heavy_compression.jpg,DEFECTIVE
300,225,1.3333,1269.7,20.16,15.54,7.02,15.54,79,054_wild_cat_image_0014_multiple_defects.jpg,DEFECTIVE
300,225,1.3333,4.97,62.73,50.74,0.87,50.74,209,054_wild_cat_image_0014_severe_blur.jpg,DEFECTIVE
300,225,1.3333,16125.77,70.3,59.11,26.09,59.11,256,054_wild_cat_image_0014_severe_noise.jpg,DEFECTIVE
300,219,1.3699,2630.34,196.02,58.61,13.76,58.61,248,055_rhino_image_0025_extreme_bright.jpg,DEFECTIVE
300,219,1.3699,17.1,11.25,5.54,1.09,5.54,27,055_rhino_image_0025_extreme_dark.jpg,DEFECTIVE
300,219,1.3699,379.37,118.98,54.27,6.31,54.27,242,055_rhino_image_0025_heavy_compression.jpg,DEFECTIVE
300,219,1.3699,1601.46,35.15,17.23,7.91,17.23,81,055_rhino_image_0025_multiple_defects.jpg,DEFECTIVE
300,219,1.3699,4.49,119.05,51.72,0.83,51.72,168,055_rhino_image_0025_severe_blur.jpg,DEFECTIVE
300,219,1.3699,26232.58,119.11,62.3,32.69,62.3,256,055_rhino_image_0025_severe_noise.jpg,DEFECTIVE
300,289,1.0381,9479.41,215.46,72.48,24.8,72.48,256,056_wheelchair_image_0004_extreme_bright.jpg,DEFECTIVE
300,289,1.0381,235.88,35.36,18.06,4.17,18.06,56,056_wheelchair_image_0004_extreme_dark.jpg,DEFECTIVE
300,289,1.0381,2834.48,180.16,89.24,16.75,89.24,256,056_wheelchair_image_0004_heavy_compression.jpg,DEFECTIVE
300,289,1.0381,1212.64,51.51,21.38,6.88,21.38,85,056_wheelchair_image_0004_multiple_defects.jpg,DEFECTIVE
300,289,1.0381,3.45,180.87,70.72,0.71,70.72,238,056_wheelchair_image_0004_severe_blur.jpg,DEFECTIVE
300,289,1.0381,13143.23,172.57,84.16,26.31,84.16,256,056_wheelchair_image_0004_severe_noise.jpg,DEFECTIVE
300,300,1.0,10633.61,230.44,51.11,24.47,51.11,256,057_inline_skate_image_0016_extreme_bright.jpg,DEFECTIVE
300,300,1.0,139.76,25.22,12.01,2.83,12.01,41,057_inline_skate_image_0016_extreme_dark.jpg,DEFECTIVE
300,300,1.0,2484.53,184.99,84.83,14.7,84.83,256,057_inline_skate_image_0016_heavy_compression.jpg,DEFECTIVE
300,300,1.0,1167.91,52.44,21.66,6.74,21.66,85,057_inline_skate_image_0016_multiple_defects.jpg,DEFECTIVE
300,300,1.0,10.06,185.24,77.61,1.39,77.61,242,057_inline_skate_image_0016_severe_blur.jpg,DEFECTIVE
300,300,1.0,15560.25,175.1,79.47,26.95,79.47,256,057_inline_skate_image_0016_severe_noise.jpg,DEFECTIVE
300,221,1.3575,10419.18,135.87,96.71,24.59,96.71,256,058_okapi_image_0004_extreme_bright.jpg,DEFECTIVE
300,221,1.3575,336.17,18.41,15.92,4.46,15.92,65,058_okapi_image_0004_extreme_dark.jpg,DEFECTIVE
300,221,1.3575,2349.05,77.69,64.04,13.87,64.04,256,058_okapi_image_0004_heavy_compression.jpg,DEFECTIVE
300,221,1.3575,1356.72,24.13,17.22,7.28,17.22,79,058_okapi_image_0004_multiple_defects.jpg,DEFECTIVE
300,221,1.3575,6.68,77.35,57.43,1.06,57.43,236,058_okapi_image_0004_severe_blur.jpg,DEFECTIVE
300,221,1.3575,22817.54,83.65,64.56,31.24,64.56,256,058_okapi_image_0004_severe_noise.jpg,DEFECTIVE
225,300,0.75,265.92,244.37,42.17,5.03,42.17,256,059_ewer_image_0052_extreme_bright.jpg,DEFECTIVE
225,300,0.75,6.69,27.24,8.33,0.79,8.33,42,059_ewer_image_0052_extreme_dark.jpg,DEFECTIVE
225,300,0.75,130.22,176.62,52.92,3.81,52.92,256,059_ewer_image_0052_heavy_compression.jpg,DEFECTIVE
225,300,0.75,1474.7,51.63,15.97,7.58,15.97,83,059_ewer_image_0052_multiple_defects.jpg,DEFECTIVE
225,300,0.75,4.02,176.72,50.37,0.77,50.37,254,059_ewer_image_0052_severe_blur.jpg,DEFECTIVE
225,300,0.75,13320.87,173.82,55.16,23.13,55.16,256,059_ewer_image_0052_severe_noise.jpg,DEFECTIVE
300,287,1.0453,1771.55,175.91,75.52,11.46,75.52,252,060_sea_horse_image_0049_extreme_bright.jpg,DEFECTIVE
300,287,1.0453,34.27,12.35,7.64,1.51,7.64,32,060_sea_horse_image_0049_extreme_dark.jpg,DEFECTIVE
300,287,1.0453,453.4,103.71,60.93,6.8,60.93,243,060_sea_horse_image_0049_heavy_compression.jpg,DEFECTIVE
300,287,1.0453,1464.16,31.26,18.37,7.55,18.37,79,060_sea_horse_image_0049_multiple_defects.jpg,DEFECTIVE
300,287,1.0453,4.56,103.54,58.38,0.82,58.38,208,060_sea_horse_image_0049_severe_blur.jpg,DEFECTIVE
300,287,1.0453,15041.61,105.62,63.28,25.04,63.28,253,060_sea_horse_image_0049_severe_noise.jpg,DEFECTIVE
300,235,1.2766,23063.58,117.42,106.84,32.98,106.84,256,061_accordion_image_0041_extreme_bright.jpg,DEFECTIVE
300,235,1.2766,525.49,14.85,16.99,4.83,16.99,51,061_accordion_image_0041_extreme_dark.jpg,DEFECTIVE
300,235,1.2766,4909.88,87.0,94.95,19.41,94.95,256,061_accordion_image_0041_heavy_compression.jpg,DEFECTIVE
300,235,1.2766,1159.83,26.93,23.25,6.72,23.25,84,061_accordion_image_0041_multiple_defects.jpg,DEFECTIVE
300,235,1.2766,3.42,87.01,78.16,0.66,78.16,256,061_accordion_image_0041_severe_blur.jpg,DEFECTIVE
300,235,1.2766,21072.02,90.92,88.65,30.42,88.65,256,061_accordion_image_0041_severe_noise.jpg,DEFECTIVE
300,168,1.7857,3249.49,195.83,69.17,15.02,69.17,256,062_wrench_image_0019_extreme_bright.jpg,DEFECTIVE
300,168,1.7857,88.04,21.4,13.38,2.41,13.38,54,062_wrench_image_0019_extreme_dark.jpg,DEFECTIVE
300,168,1.7857,828.11,113.6,68.25,9.22,68.25,256,062_wrench_image_0019_heavy_compression.jpg,DEFECTIVE
300,168,1.7857,1530.53,33.58,18.4,7.72,18.4,82,062_wrench_image_0019_multiple_defects.jpg,DEFECTIVE
300,168,1.7857,3.68,113.59,52.76,0.68,52.76,230,062_wrench_image_0019_severe_blur.jpg,DEFECTIVE
300,168,1.7857,14246.04,112.9,68.53,24.81,68.53,256,062_wrench_image_0019_severe_noise.jpg,DEFECTIVE
288,300,0.96,6042.1,180.14,104.09,21.13,104.09,256,063_grand_piano_image_0013_extreme_bright.jpg,DEFECTIVE
288,300,0.96,65.12,18.92,13.36,2.1,13.36,38,063_grand_piano_image_0013_extreme_dark.jpg,DEFECTIVE
288,300,0.96,1996.69,161.17,110.04,13.76,110.04,256,063_grand_piano_image_0013_heavy_compression.jpg,DEFECTIVE
288,300,0.96,955.55,46.36,27.94,6.1,27.94,84,063_grand_piano_image_0013_multiple_defects.jpg,DEFECTIVE
288,300,0.96,5.68,161.85,102.88,1.01,102.88,256,063_grand_piano_image_0013_severe_blur.jpg,DEFECTIVE
288,300,0.96,9708.44,155.95,100.17,22.11,100.17,256,063_grand_piano_image_0013_severe_noise.jpg,DEFECTIVE
300,212,1.4151,1147.03,229.49,44.14,10.18,44.14,211,064_elephant_image_0050_extreme_bright.jpg,DEFECTIVE
300,212,1.4151,18.9,18.59,6.27,1.31,6.27,43,064_elephant_image_0050_extreme_dark.jpg,DEFECTIVE
300,212,1.4151,286.22,106.21,34.55,5.49,34.55,224,064_elephant_image_0050_heavy_compression.jpg,DEFECTIVE
300,212,1.4151,1686.75,31.38,12.69,8.09,12.69,75,064_elephant_image_0050_multiple_defects.jpg,DEFECTIVE
300,212,1.4151,2.53,106.09,30.47,0.51,30.47,147,064_elephant_image_0050_severe_blur.jpg,DEFECTIVE
300,212,1.4151,15281.73,106.13,43.57,25.14,43.57,250,064_elephant_image_0050_severe_noise.jpg,DEFECTIVE
300,218,1.3761,5393.77,208.79,65.03,20.9,65.03,256,065_brain_image_0008_extreme_bright.jpg,DEFECTIVE
300,218,1.3761,33.43,13.26,6.29,1.61,6.29,28,065_brain_image_0008_extreme_dark.jpg,DEFECTIVE
300,218,1.3761,1619.34,136.6,61.74,12.64,61.74,256,065_brain_image_0008_heavy_compression.jpg,DEFECTIVE
300,218,1.3761,1619.98,40.12,16.26,7.93,16.26,82,065_brain_image_0008_multiple_defects.jpg,DEFECTIVE
300,218,1.3761,13.61,136.09,49.8,1.59,49.8,223,065_brain_image_0008_severe_blur.jpg,DEFECTIVE
300,218,1.3761,21808.94,134.97,65.04,30.87,65.04,256,065_brain_image_0008_severe_noise.jpg,DEFECTIVE
266,300,0.8867,1109.43,186.24,73.85,9.72,73.85,256,066_cup_image_0054_extreme_bright.jpg,DEFECTIVE
266,300,0.8867,21.15,16.42,9.38,1.35,9.38,42,066_cup_image_0054_extreme_dark.jpg,DEFECTIVE
266,300,0.8867,418.5,105.88,58.27,6.65,58.27,255,066_cup_image_0054_heavy_compression.jpg,DEFECTIVE
266,300,0.8867,1483.01,31.89,16.94,7.62,16.94,82,066_cup_image_0054_multiple_defects.jpg,DEFECTIVE
266,300,0.8867,5.82,105.92,54.14,0.98,54.14,232,066_cup_image_0054_severe_blur.jpg,DEFECTIVE
266,300,0.8867,17889.1,108.31,61.11,27.11,61.11,256,066_cup_image_0054_severe_noise.jpg,DEFECTIVE
300,214,1.4019,2999.09,172.92,89.32,14.55,89.32,254,067_helicopter_image_0029_extreme_bright.jpg,DEFECTIVE
300,214,1.4019,102.67,23.02,15.47,2.78,15.47,51,067_helicopter_image_0029_extreme_dark.jpg,DEFECTIVE
300,214,1.4019,1425.78,126.08,80.09,11.58,80.09,256,067_helicopter_image_0029_heavy_compression.jpg,DEFECTIVE
300,214,1.4019,1285.3,37.07,22.07,7.08,22.07,83,067_helicopter_image_0029_multiple_defects.jpg,DEFECTIVE
300,214,1.4019,3.84,125.79,75.81,0.74,75.81,236,067_helicopter_image_0029_severe_blur.jpg,DEFECTIVE
300,214,1.4019,10704.82,124.38,79.15,22.62,79.15,256,067_helicopter_image_0029_severe_noise.jpg,DEFECTIVE
300,295,1.0169,4667.52,171.82,73.2,16.84,73.2,188,068_stop_sign_image_0010_extreme_bright.jpg,DEFECTIVE
300,295,1.0169,151.3,26.16,15.38,3.35,15.38,49,068_stop_sign_image_0010_extreme_dark.jpg,DEFECTIVE
300,295,1.0169,1535.08,141.21,79.98,13.27,79.98,243,068_stop_sign_image_0010_heavy_compression.jpg,DEFECTIVE
300,295,1.0169,1229.13,42.34,17.93,6.91,17.93,76,068_stop_sign_image_0010_multiple_defects.jpg,DEFECTIVE
300,295,1.0169,4.53,143.33,53.9,0.83,53.9,192,068_stop_sign_image_0010_severe_blur.jpg,DEFECTIVE
300,295,1.0169,12959.84,141.61,74.27,25.0,74.27,246,068_stop_sign_image_0010_severe_noise.jpg,DEFECTIVE
182,300,0.6067,2957.82,226.43,51.7,13.56,51.7,225,069_chair_image_0031_extreme_bright.jpg,DEFECTIVE
182,300,0.6067,120.76,47.67,19.9,3.11,19.9,65,069_chair_image_0031_extreme_dark.jpg,DEFECTIVE
182,300,0.6067,1052.83,196.62,80.12,10.37,80.12,256,069_chair_image_0031_heavy_compression.jpg,DEFECTIVE
182,300,0.6067,1115.91,55.72,20.0,6.59,20.0,84,069_chair_image_0031_multiple_defects.jpg,DEFECTIVE
182,300,0.6067,3.0,197.07,65.7,0.66,65.7,200,069_chair_image_0031_severe_blur.jpg,DEFECTIVE
182,300,0.6067,8759.61,187.39,76.22,20.5,76.22,255,069_chair_image_0031_severe_noise.jpg,DEFECTIVE
258,300,0.86,2407.35,206.54,97.39,10.35,97.39,230,070_trilobite_image_0064_extreme_bright.jpg,DEFECTIVE
258,300,0.86,71.22,17.86,9.1,1.84,9.1,41,070_trilobite_image_0064_extreme_dark.jpg,DEFECTIVE
258,300,0.86,435.02,116.63,57.92,6.34,57.92,242,070_trilobite_image_0064_heavy_compression.jpg,DEFECTIVE
258,300,0.86,1537.87,35.36,16.7,7.76,16.7,78,070_trilobite_image_0064_multiple_defects.jpg,DEFECTIVE
258,300,0.86,4.54,116.55,55.17,0.83,55.17,202,070_trilobite_image_0064_severe_blur.jpg,DEFECTIVE
258,300,0.86,11621.11,118.75,57.99,21.89,57.99,251,070_trilobite_image_0064_severe_noise.jpg,DEFECTIVE
300,170,1.7647,1368.15,212.92,78.64,10.31,78.64,218,071_euphonium_image_0032_extreme_bright.jpg,DEFECTIVE
300,170,1.7647,49.45,25.97,14.55,2.16,14.55,57,071_euphonium_image_0032_extreme_dark.jpg,DEFECTIVE
300,170,1.7647,602.46,123.71,67.59,8.15,67.59,256,071_euphonium_image_0032_heavy_compression.jpg,DEFECTIVE
300,170,1.7647,1520.38,36.78,18.99,7.71,18.99,81,071_euphonium_image_0032_multiple_defects.jpg,DEFECTIVE
300,170,1.7647,7.56,123.63,62.79,1.15,62.79,254,071_euphonium_image_0032_severe_blur.jpg,DEFECTIVE
300,170,1.7647,23391.23,123.83,68.12,31.18,68.12,256,071_euphonium_image_0032_severe_noise.jpg,DEFECTIVE
300,289,1.0381,201.28,243.74,32.9,4.34,32.9,194,072_dragonfly_image_0026_extreme_bright.jpg,DEFECTIVE
300,289,1.0381,9.48,36.98,11.1,1.02,11.1,52,072_dragonfly_image_0026_extreme_dark.jpg,DEFECTIVE
300,289,1.0381,161.59,174.69,51.48,4.34,51.48,242,072_dragonfly_image_0026_heavy_compression.jpg,DEFECTIVE
300,289,1.0381,1516.73,51.18,16.11,7.7,16.11,83,072_dragonfly_image_0026_multiple_defects.jpg,DEFECTIVE
300,289,1.0381,4.39,174.67,48.56,0.81,48.56,213,072_dragonfly_image_0026_severe_blur.jpg,DEFECTIVE
300,289,1.0381,10645.21,172.65,54.84,20.79,54.84,255,072_dragonfly_image_0026_severe_noise.jpg,DEFECTIVE
300,283,1.0601,3552.95,147.71,107.13,16.14,107.13,256,073_binocular_image_0002_extreme_bright.jpg,DEFECTIVE
300,283,1.0601,61.5,18.14,17.22,2.02,17.22,45,073_binocular_image_0002_extreme_dark.jpg,DEFECTIVE
300,283,1.0601,959.65,119.04,108.88,10.11,108.88,256,073_binocular_image_0002_heavy_compression.jpg,DEFECTIVE
300,283,1.0601,1049.01,35.51,27.79,6.37,27.79,84,073_binocular_image_0002_multiple_defects.jpg,DEFECTIVE
300,283,1.0601,3.49,119.93,97.41,0.7,97.41,256,073_binocular_image_0002_severe_blur.jpg,DEFECTIVE
300,283,1.0601,11612.02,119.1,98.68,22.69,98.68,256,073_binocular_image_0002_severe_noise.jpg,DEFECTIVE
300,230,1.3043,1319.4,226.51,42.74,10.59,42.74,181,074_cannon_image_0012_extreme_bright.jpg,DEFECTIVE
300,230,1.3043,61.85,32.82,16.16,2.49,16.16,59,074_cannon_image_0012_extreme_dark.jpg,DEFECTIVE
300,230,1.3043,545.36,133.63,63.61,7.98,63.61,244,074_cannon_image_0012_heavy_compression.jpg,DEFECTIVE
300,230,1.3043,1576.74,39.19,18.36,7.83,18.36,83,074_cannon_image_0012_multiple_defects.jpg,DEFECTIVE
300,230,1.3043,2.7,133.83,54.25,0.55,54.25,200,074_cannon_image_0012_severe_blur.jpg,DEFECTIVE
300,230,1.3043,24914.13,131.05,67.11,32.0,67.11,256,074_cannon_image_0012_severe_noise.jpg,DEFECTIVE
300,275,1.0909,16987.16,170.92,72.72,29.41,72.72,255,075_bonsai_image_0030_extreme_bright.jpg,DEFECTIVE
300,275,1.0909,509.49,17.97,13.4,5.44,13.4,60,075_bonsai_image_0030_extreme_dark.jpg,DEFECTIVE
300,275,1.0909,5407.44,84.52,59.01,20.24,59.01,256,075_bonsai_image_0030_heavy_compression.jpg,DEFECTIVE
300,275,1.0909,1470.84,25.59,15.23,7.57,15.23,81,075_bonsai_image_0030_multiple_defects.jpg,DEFECTIVE
300,275,1.0909,2.57,84.45,43.24,0.52,43.24,230,075_bonsai_image_0030_severe_blur.jpg,DEFECTIVE
300,275,1.0909,24124.99,87.21,62.61,33.46,62.61,256,075_bonsai_image_0030_severe_noise.jpg,DEFECTIVE
300,163,1.8405,157.81,252.16,13.02,3.32,13.02,113,076_ceiling_fan_image_0010_extreme_bright.jpg,DEFECTIVE
300,163,1.8405,8.73,25.88,3.57,0.89,3.57,40,076_ceiling_fan_image_0010_extreme_dark.jpg,DEFECTIVE
300,163,1.8405,149.34,136.58,18.32,3.97,18.32,189,076_ceiling_fan_image_0010_heavy_compression.jpg,DEFECTIVE
300,163,1.8405,1744.63,40.99,10.1,8.26,10.1,76,076_ceiling_fan_image_0010_multiple_defects.jpg,DEFECTIVE
300,163,1.8405,0.78,138.78,12.83,0.25,12.83,115,076_ceiling_fan_image_0010_severe_blur.jpg,DEFECTIVE
300,163,1.8405,19851.97,138.05,35.97,28.24,35.97,249,076_ceiling_fan_image_0010_severe_noise.jpg,DEFECTIVE
300,268,1.1194,9228.49,226.88,47.98,22.58,47.98,251,077_brontosaurus_image_0043_extreme_bright.jpg,DEFECTIVE
300,268,1.1194,23.54,10.65,4.79,1.32,4.79,22,077_brontosaurus_image_0043_extreme_dark.jpg,DEFECTIVE
300,268,1.1194,1855.98,138.99,59.48,12.8,59.48,249,077_brontosaurus_image_0043_heavy_compression.jpg,DEFECTIVE
300,268,1.1194,1583.55,40.92,17.29,7.88,17.29,82,077_brontosaurus_image_0043_multiple_defects.jpg,DEFECTIVE
300,268,1.1194,2.74,138.95,48.96,0.54,48.96,179,077_brontosaurus_image_0043_severe_blur.jpg,DEFECTIVE
300,268,1.1194,25972.51,137.69,64.63,33.38,64.63,256,077_brontosaurus_image_0043_severe_noise.jpg,DEFECTIVE
300,272,1.1029,373.72,157.7,76.59,5.76,76.59,243,078_flamingo_head_image_0041_extreme_bright.jpg,DEFECTIVE
300,272,1.1029,6.3,11.96,8.44,0.77,8.44,44,078_flamingo_head_image_0041_extreme_dark.jpg,DEFECTIVE
300,272,1.1029,167.06,71.88,48.92,4.09,48.92,249,078_flamingo_head_image_0041_heavy_compression.jpg,DEFECTIVE
300,272,1.1029,1357.62,22.2,14.79,7.25,14.79,79,078_flamingo_head_image_0041_multiple_defects.jpg,DEFECTIVE
300,272,1.1029,3.97,71.85,46.21,0.74,46.21,221,078_flamingo_head_image_0041_severe_blur.jpg,DEFECTIVE
300,272,1.1029,11479.09,74.54,51.32,21.45,51.32,252,078_flamingo_head_image_0041_severe_noise.jpg,DEFECTIVE
300,159,1.8868,3111.12,201.32,51.89,13.8,51.89,251,079_dolphin_image_0012_extreme_bright.jpg,DEFECTIVE
300,159,1.8868,59.48,15.57,6.62,1.94,6.62,46,079_dolphin_image_0012_extreme_dark.jpg,DEFECTIVE
300,159,1.8868,324.16,92.28,36.72,5.58,36.72,242,079_dolphin_image_0012_heavy_compression.jpg,DEFECTIVE
300,159,1.8868,1599.19,27.67,12.78,7.88,12.78,80,079_dolphin_image_0012_multiple_defects.jpg,DEFECTIVE
300,159,1.8868,1.98,92.7,31.19,0.39,31.19,178,079_dolphin_image_0012_severe_blur.jpg,DEFECTIVE
300,159,1.8868,13957.57,93.06,44.0,24.26,44.0,254,079_dolphin_image_0012_severe_noise.jpg,DEFECTIVE
300,229,1.31,184.97,243.81,13.38,3.63,13.38,81,080_llama_image_0033_extreme_bright.jpg,DEFECTIVE
300,229,1.31,13.94,23.57,6.2,1.11,6.2,41,080_llama_image_0033_extreme_dark.jpg,DEFECTIVE
300,229,1.31,177.36,121.42,30.4,4.3,30.4,197,080_llama_image_0033_heavy_compression.jpg,DEFECTIVE
300,229,1.31,1737.89,35.72,12.13,8.22,12.13,78,080_llama_image_0033_multiple_defects.jpg,DEFECTIVE
300,229,1.31,1.75,121.12,26.07,0.35,26.07,113,080_llama_image_0033_severe_blur.jpg,DEFECTIVE
300,229,1.31,16109.42,120.38,41.23,25.46,41.23,252,080_llama_image_0033_severe_noise.jpg,DEFECTIVE
